Unnamed: 0,ID,Title,Year,Age,IMDb,Rotten Tomatoes,Hulu,Prime Video,Disney+,Type,Age_na,IMDb_na
5017,5336,My Sister-in-Law,2015,,,10/100,0,1,0,1,1,1
534,537,Greatest Events of World War II in Colour,2019,16+,8.7/10,62/100,0,0,0,1,0,0
4688,5004,Full Body Flexibility Beginners Yoga Workouts - Krystin Scott,2017,,,13/100,0,1,0,1,1,1
3435,3569,Laughs,2015,,,10/100,1,0,0,1,1,1
548,551,Pine Gap,2018,16+,7.2/10,62/100,0,0,0,1,0,0
4802,5121,FUNnel Vision: Challenges,2018,,,10/100,0,1,0,1,1,1
1804,1812,Candy Online,2019,,5.3/10,34/100,0,0,0,1,1,0
4214,4510,Wheel Sharks,2013,,,37/100,0,1,0,1,1,1
2270,2328,WWE Raw,1993,7+,7.8/10,67/100,1,0,0,1,0,0
1275,1278,Sneakerheads,2020,,6.2/10,47/100,0,0,0,1,1,0
4320,4618,Teletubbies: Nursery Rhymes,2017,,5.2/10,34/100,0,1,0,1,1,0
1460,1466,My Sassy Girl,2017,,6.9/10,43/100,0,0,0,1,1,0
1509,1515,Sunny Bunnies,2015,all,6.8/10,42/100,0,0,0,1,0,0
1216,1219,Warrior,2018,,6.7/10,48/100,0,0,0,1,1,0
4215,4511,Legends of Power with Tony Robinson,2003,,,37/100,0,1,0,1,1,1
2081,2116,Chicago P.D.,2014,16+,8.1/10,76/100,1,0,0,1,0,0
15,16,Marvel's Daredevil,2015,18+,8.6/10,90/100,0,0,0,1,0,0
1005,1008,The Queen and the Conqueror,2020,16+,6.7/10,52/100,0,0,0,1,0,0
2690,2795,American Idol,2002,7+,4.1/10,54/100,1,0,0,1,0,0
3892,4162,Hunting ISIS,2018,,8.3/10,47/100,0,1,0,1,1,0
1712,1718,LEGO Elves,2017,,6.7/10,37/100,0,0,0,1,1,0
4958,5277,Second War Diary - The War Day by Day,2014,,,10/100,0,1,0,1,1,1
1568,1574,Black Hollywood: 'They've Gotta Have Us',2018,,7.6/10,41/100,0,0,0,1,1,0
2290,2349,9-1-1: Lone Star,2020,16+,6.8/10,67/100,1,0,0,1,0,0
2324,2388,Noragami,2014,16+,7.9/10,65/100,1,0,0,1,0,0
3948,4225,Kratts' Creatures,1996,all,8.2/10,45/100,0,1,0,1,0,0
1119,1122,Taj Mahal 1989,2020,,7.5/10,50/100,0,0,0,1,1,0
731,734,History of Swear Words,2021,18+,6.4/10,57/100,0,0,0,1,0,0
405,407,Van Helsing,2016,16+,6.2/10,66/100,0,0,0,1,0,0
3315,3448,Flip and Flash,2014,,,19/100,1,0,0,1,1,1
1008,1011,Crime Diaries: The Candidate,2019,18+,7.6/10,52/100,0,0,0,1,0,0
1789,1797,The Goop Lab,2020,18+,2.5/10,35/100,0,0,0,1,0,0
3051,3179,Gordon Ramsay's Home Cooking,2013,,8.4/10,42/100,1,0,0,1,1,0
444,446,Criminal: UK,2019,18+,7.6/10,65/100,0,0,0,1,0,0
3535,3716,Detectorists,2014,16+,8.6/10,69/100,0,1,0,1,0,0
1791,1799,Angel 'N' Devil,2014,,4.9/10,34/100,0,0,0,1,1,0
4184,4480,All Things Adrienne,2018,,,38/100,0,1,0,1,1,1
2369,2440,The Hardy Boys,2020,7+,7.0/10,63/100,1,0,0,1,0,0
806,809,Run On,2020,,7.6/10,56/100,0,0,0,1,1,0
4953,5272,Nordic Road Trip 2018,2018,,,10/100,0,1,0,1,1,1
4832,5151,Fin Chasers,2017,,,10/100,0,1,0,1,1,1
2372,2444,The Familiar of Zero,2006,16+,7.0/10,63/100,1,0,0,1,0,0
2696,2801,Find Me in Paris,2018,all,7.2/10,54/100,1,0,0,1,0,0
4574,4884,Lego Pirates of the Caribbean Playthrough,2017,,,16/100,0,1,0,1,1,1
3700,3932,She Was Pretty,2015,,7.7/10,55/100,0,1,0,1,1,0
2946,3071,Urara Meirocho,2017,16+,7.4/10,46/100,1,0,0,1,0,0
1290,1293,Bolívar: Una lucha admirable,2019,18+,7.5/10,47/100,0,0,0,1,0,0
949,952,Unabomber: In His Own Words,2020,,7.2/10,53/100,0,0,0,1,1,0
304,306,GHOUL,2018,18+,7.1/10,69/100,0,0,0,1,0,0
5029,5348,The GiggleBellies - Monster Truck Learning,2017,,,10/100,0,1,0,1,1,1
2885,3006,Saved by the Bell: The College Years,1993,7+,6.3/10,48/100,1,0,0,1,0,0
1946,1956,The Confrontation,2018,,,10/100,0,0,0,1,1,1
39,40,BoJack Horseman,2014,18+,8.7/10,86/100,0,0,0,1,0,0
2188,2237,Body of Proof,2011,16+,7.1/10,70/100,1,0,0,1,0,0
5186,5526,Elena of Avalor,2016,all,6.4/10,51/100,0,0,1,1,0,0
704,707,The Ripper,2020,,7.1/10,58/100,0,0,0,1,1,0
3826,4081,Inuyashiki Last Hero,2017,,6.6/10,50/100,0,1,0,1,1,0
1922,1932,Sudden,2013,,,16/100,0,0,0,1,1,1
4998,5317,The Big Flip,2009,,,10/100,0,1,0,1,1,1
2537,2633,False Flag,2015,,7.8/10,58/100,1,0,0,1,1,0
2768,2879,Unusual Suspects,2010,16+,7.6/10,52/100,1,0,0,1,0,0
1916,1926,Laws of Attraction,2012,,,17/100,0,0,0,1,1,1
381,383,Trinkets,2019,18+,7.1/10,67/100,0,0,0,1,0,0
4677,4993,Lego Set Builds Spongebob Squarepants - Artifex,2017,,,13/100,0,1,0,1,1,1
376,378,RESIDENT EVIL: Infinite Darkness,2021,18+,5.8/10,67/100,0,0,0,1,0,0
4019,4302,Animal Mechanicals,2008,all,6.3/10,43/100,0,1,0,1,0,0
914,917,Queer Eye: We're in Japan!,2019,16+,8.2/10,54/100,0,0,0,1,0,0
3007,3134,Charlie Rose,1991,all,7.5/10,44/100,1,0,0,1,0,0
1839,1847,Bottersnikes & Gumbles,2016,7+,5.2/10,32/100,0,0,0,1,0,0
1826,1834,My Dear Warrior,2019,,3.9/10,33/100,0,0,0,1,1,0
2260,2317,Marvel's M.O.D.O.K.,2021,18+,6.3/10,68/100,1,0,0,1,0,0
2804,2916,Man Up!,2011,7+,6.6/10,51/100,1,0,0,1,0,0
1189,1192,Stolen Away,2020,,7.1/10,48/100,0,0,0,1,1,0
4538,4842,True Nordic Crimes,2017,,,18/100,0,1,0,1,1,1
684,687,Girls from Ipanema,2019,16+,7.9/10,59/100,0,0,0,1,0,0
3638,3857,Appropriate Adult,2011,18+,7.5/10,59/100,0,1,0,1,0,0
398,400,The Naked Director,2019,18+,7.7/10,66/100,0,0,0,1,0,0
1586,1592,Fary: Hexagone,2020,,6.5/10,40/100,0,0,0,1,1,0
3411,3545,Puertas al Mas Alla,2012,,,13/100,1,0,0,1,1,1
3220,3352,Last Call with Carson Daly,2002,16+,2.9/10,33/100,1,0,0,1,0,0
3013,3140,Negima!,2005,7+,6.2/10,43/100,1,0,0,1,0,0
5094,5422,The Suite Life of Zack & Cody,2005,all,6.5/10,64/100,0,0,1,1,0,0
29,30,Grey's Anatomy,2005,16+,7.5/10,87/100,1,0,0,1,0,0
882,885,Freud,2020,18+,6.5/10,54/100,0,0,0,1,0,0
1642,1648,Robocar Poli,2011,,6.7/10,39/100,0,0,0,1,1,0
3703,3936,Home and Away,1988,7+,5.1/10,55/100,0,1,0,1,0,0
452,454,Inside Bill's Brain: Decoding Bill Gates,2019,16+,7.9/10,65/100,0,0,0,1,0,0
2343,2410,Station 19,2018,16+,6.7/10,64/100,1,0,0,1,0,0
3673,3902,The Reagans,2020,7+,6.5/10,57/100,0,1,0,1,0,0
42,43,The IT Crowd,2006,16+,8.5/10,86/100,0,0,0,1,0,0
613,616,Start-Up,2020,16+,8.1/10,60/100,0,0,0,1,0,0
2531,2627,Crime Scene Kitchen,2021,,7.2/10,58/100,1,0,0,1,1,0
2731,2836,Vanderpump Rules,2013,16+,5.4/10,53/100,1,0,0,1,0,0
3036,3164,High School USA!,2013,18+,6.4/10,42/100,1,0,0,1,0,0
4172,4467,Greatest Tank Battles,2010,7+,7.4/10,38/100,0,1,0,1,0,0
2828,2942,Outbreak Company,2013,16+,6.8/10,50/100,1,0,0,1,0,0
142,143,Marvel's The Defenders,2017,18+,7.3/10,78/100,0,0,0,1,0,0
3039,3167,The Mighty Ones,2020,7+,7.5/10,42/100,1,0,0,1,0,0
4105,4395,Geronimo Stilton,2009,all,6.8/10,40/100,0,1,0,1,0,0
1514,1520,Simon,2016,all,7.3/10,42/100,0,0,0,1,0,0
4176,4471,Sworn to Secrecy: Secrets of War,1998,16+,7.5/10,38/100,0,1,0,1,0,0
4679,4995,I Declare War: The Series,2016,,,13/100,0,1,0,1,1,1
3328,3461,Lost in the Supermarket,2016,,,18/100,1,0,0,1,1,1
3469,3620,Upload,2020,18+,8.0/10,82/100,0,1,0,1,0,0
5233,5577,Earth Moods,2021,,8.2/10,47/100,0,0,1,1,1,0
2201,2251,Mushi-Shi,2005,16+,8.5/10,70/100,1,1,0,1,0,0
1066,1069,Room 2806: The Accusation,2020,,7.0/10,51/100,0,0,0,1,1,0
1294,1297,The Chosen One,2019,18+,5.8/10,47/100,0,0,0,1,0,0
535,538,Offspring,2010,16+,8.3/10,62/100,0,0,0,1,0,0
4598,4909,Amber the Ambulance,2017,,,14/100,0,1,0,1,1,1
4510,4813,Chasin the Sun,2017,,,20/100,0,1,0,1,1,1
3450,3588,The Expanse,2015,16+,8.5/10,90/100,0,1,0,1,0,0
5276,5622,Shop Class,2020,all,7.2/10,42/100,0,0,1,1,0,0
4280,4576,Dance Moms: Miami,2012,16+,3.8/10,35/100,0,1,0,1,0,0
4759,5077,Microsoft Excel 2016 - Training,2016,,,13/100,0,1,0,1,1,1
2533,2629,Gordon Ramsay's 24 Hours to Hell and Back,2018,16+,7.3/10,58/100,1,0,0,1,0,0
311,313,Aggretsuko,2018,16+,8.1/10,69/100,0,0,0,1,0,0
1760,1768,Country Ever After,2020,,6.5/10,36/100,0,0,0,1,1,0
3760,4003,Everyday Driver,2017,,9.3/10,52/100,0,1,0,1,1,0
4599,4910,Kings in Grass Castles,1998,,,14/100,0,1,0,1,1,1
214,215,Marvel's Iron Fist,2017,18+,6.5/10,73/100,0,0,0,1,0,0
1816,1824,Sakho & Mangane,2019,,6.4/10,34/100,0,0,0,1,1,0
2472,2561,Robin of Sherwood,1984,7+,8.5/10,60/100,1,1,0,1,0,0
891,894,#blackAF,2020,18+,6.8/10,54/100,0,0,0,1,0,0
4418,4719,Vinnie Jones' Toughest Cops,2009,,7.1/10,30/100,0,1,0,1,1,0
3213,3345,Egg Birds,2014,,,33/100,1,0,0,1,1,1
873,876,Tiny House Nation,2014,7+,7.1/10,54/100,0,0,0,1,0,0
3709,3942,"Nu, pogodi!",1969,,8.6/10,55/100,0,1,0,1,1,0
3489,3649,Poldark,2015,16+,8.3/10,78/100,0,1,0,1,0,0
3095,3225,The Paynes,2018,,4.9/10,40/100,1,0,0,1,1,0
4647,4963,Hitler's Lost Battles,2017,,,14/100,0,1,0,1,1,1
2262,2319,Ghost Adventures,2008,13+,7.5/10,67/100,1,0,0,1,0,0
725,728,Godzilla Singular Point,2021,16+,6.6/10,58/100,0,0,0,1,0,0
4612,4923,Changelings: cambions,2014,,,14/100,0,1,0,1,1,1
3263,3395,Bobby Flay's Barbecue Addiction,2011,7+,6.5/10,28/100,1,0,0,1,0,0
5139,5472,Little Einsteins,2005,all,6.3/10,57/100,0,0,1,1,0,0
3065,3193,Aquarion,2005,18+,6.5/10,41/100,1,0,0,1,0,0
4986,5305,Crazy TV Pranks. Funny Surprises,2013,,,10/100,0,1,0,1,1,1
2793,2905,Is This a Zombie?,2011,18+,7.1/10,51/100,1,0,0,1,0,0
1433,1439,LEGO City Adventures,2019,7+,7.0/10,44/100,0,1,0,1,0,0
2983,3109,Broken Angel,2013,16+,7.0/10,45/100,1,0,0,1,0,0
4002,4285,Oasis,2017,18+,8.3/10,44/100,0,1,0,1,0,0
1766,1774,Diamond Lover,2015,,6.3/10,35/100,0,0,0,1,1,0
2580,2678,The Bisexual,2018,,6.3/10,57/100,1,0,0,1,1,0
2337,2404,Mushoku Tensei: Jobless Reincarnation,2021,16+,8.3/10,64/100,1,0,0,1,0,0
584,587,Somebody Feed Phil,2018,16+,8.2/10,61/100,0,0,0,1,0,0
1170,1173,SWORD GAI: The Animation,2018,18+,5.9/10,49/100,0,0,0,1,0,0
4296,4594,The Crimean War,2018,,7.7/10,35/100,0,1,0,1,1,0
780,783,History 101,2020,7+,6.8/10,56/100,0,0,0,1,0,0
3001,3128,The Chew,2011,7+,5.3/10,44/100,1,0,0,1,0,0
3322,3455,Billy Bam Bam,2011,,,18/100,1,0,0,1,1,1
5337,5685,Rocky Mountain Animal Rescue,2018,,7.9/10,30/100,0,0,1,1,1,0
2928,3051,Space Brothers,2012,16+,8.1/10,46/100,1,0,0,1,0,0
2542,2638,Dice,2016,18+,7.5/10,58/100,1,0,0,1,0,0
1262,1265,Quarantine Tales,2020,,,47/100,0,0,0,1,1,1
3724,3961,Super Wings!,2014,all,6.2/10,54/100,0,1,0,1,0,0
2219,2270,Man Seeking Woman,2015,18+,7.8/10,69/100,1,0,0,1,0,0
2140,2181,The Middle,2009,7+,7.6/10,73/100,1,0,0,1,0,0
4129,4422,Barter Kings,2012,7+,5.1/10,39/100,0,1,0,1,0,0
2575,2673,Outlaw Star,1998,16+,7.9/10,57/100,1,0,0,1,0,0
4602,4913,Inside Things,2017,,,14/100,0,1,0,1,1,1
154,155,Feel Good,2020,18+,7.5/10,77/100,0,0,0,1,0,0
1234,1237,Magical Andes,2019,,7.8/10,48/100,0,0,0,1,1,0
683,686,Sam & Cat,2013,7+,5.7/10,59/100,0,0,0,1,0,0
138,139,Call the Midwife,2012,16+,8.4/10,78/100,0,0,0,1,0,0
4488,4790,Best of BabyFirst Art Music Language And More,2015,,,24/100,0,1,0,1,1,1
3640,3859,Picnic at Hanging Rock,2018,16+,6.2/10,59/100,0,1,0,1,0,0
854,857,(The Hook Up Plan),2018,16+,7.2/10,55/100,0,0,0,1,0,0
4757,5075,Review: Pullip Doll Reviews,2017,,,13/100,0,1,0,1,1,1
776,779,BUNK'D,2015,all,5.4/10,56/100,0,0,0,1,0,0
737,740,Midnight Diner: Tokyo Stories,2016,16+,8.4/10,57/100,0,0,0,1,0,0
4152,4447,Cool McCool,1966,7+,7.2/10,38/100,0,1,0,1,0,0
521,524,College Romance,2018,18+,8.8/10,63/100,0,0,0,1,0,0
864,867,Al Hayba,2017,7+,7.4/10,55/100,0,0,0,1,0,0
1887,1895,Jumping Girl,2015,,5.1/10,28/100,0,0,0,1,1,0
2118,2155,CSI: Crime Scene Investigation,2000,16+,7.6/10,74/100,1,0,0,1,0,0
3498,3660,Extras,2005,18+,8.3/10,77/100,0,1,0,1,0,0
3054,3182,Tree Fu Tom,2012,all,5.6/10,42/100,1,0,0,1,0,0
4912,5231,Genius of Nature,2012,,,10/100,0,1,0,1,1,1
3210,3342,Big Bugs Band,2011,,7.5/10,34/100,1,0,0,1,1,0
3311,3444,Drag Me,2020,,,19/100,1,0,0,1,1,1
3394,3527,The Paley Center,2000,,,13/100,1,0,0,1,1,1
496,499,Masum,2017,16+,8.4/10,63/100,0,0,0,1,0,0
5087,5414,Marvel Studios: Legends,2021,16+,6.5/10,66/100,0,0,1,1,0,0
4404,4705,DoongDoong,2020,,6.8/10,31/100,0,1,0,1,1,0
4230,4526,Austin Stevens - Adventures,2009,,8.1/10,37/100,0,1,0,1,1,0
1708,1714,Power Players,2019,7+,6.0/10,37/100,0,0,0,1,0,0
1121,1124,Stay Here,2018,7+,7.5/10,50/100,0,0,0,1,0,0
2406,2483,The Three Stooges,1934,all,8.6/10,62/100,1,0,0,1,0,0
3296,3429,"Tengo Talento, Mucho Talento",2012,,,22/100,1,0,0,1,1,1
4640,4955,The Complete History of the Second World War,2017,,,14/100,0,1,0,1,1,1
1406,1411,Best Leftovers Ever!,2020,all,5.7/10,44/100,0,0,0,1,0,0
1989,2008,Atlanta,2016,18+,8.6/10,84/100,1,0,0,1,0,0
4551,4857,Tom The Tow Truck's Paint Shop,2016,,,17/100,0,1,0,1,1,1
4102,4392,Gotthard,2016,,6.5/10,40/100,0,1,0,1,1,0
2672,2776,Iron Chef America,2005,all,7.1/10,54/100,1,0,0,1,0,0
148,149,Marco Polo,2014,18+,8.0/10,77/100,0,1,0,1,0,0
5275,5621,Henry Hugglemonster,2013,all,5.3/10,42/100,0,0,1,1,0,0
3487,3646,The Affair,2014,18+,7.9/10,78/100,0,1,0,1,0,0
3828,4083,El Presidente,2020,16+,7.2/10,49/100,0,1,0,1,0,0
1379,1383,Mia and Me,2012,all,6.6/10,45/100,0,0,0,1,0,0
1091,1094,Dating Around,2019,16+,6.3/10,50/100,0,0,0,1,0,0
979,982,The Disappearance of Madeleine McCann,2019,16+,6.6/10,52/100,0,0,0,1,0,0
1850,1858,Luna Petunia,2016,all,6.3/10,31/100,0,0,0,1,0,0
1606,1612,Terrorism Close Calls,2018,,5.2/10,40/100,0,0,0,1,1,0
4644,4960,"Monsters, Madness and Mayhem",2003,,,14/100,0,1,0,1,1,1
4561,4867,Killer IQ: Lion vs. Hyena,2015,,,17/100,0,1,0,1,1,1
1363,1367,Numberblocks,2017,all,8.1/10,45/100,0,0,0,1,0,0
660,663,Snabba Cash,2021,,7.6/10,59/100,0,0,0,1,1,0
2716,2821,Hikaru no Go,2001,all,8.3/10,53/100,1,0,0,1,0,0
1042,1045,Paquita Salas,2016,,8.0/10,51/100,0,0,0,1,1,0
2670,2773,Bakuman。,2010,16+,8.0/10,55/100,1,0,0,1,0,0
4000,4283,Hero: 108,2010,all,5.7/10,44/100,0,1,0,1,0,0
5158,5493,Inside Pixar,2020,all,7.3/10,54/100,0,0,1,1,0,0
690,693,The Family,2019,16+,6.4/10,59/100,0,0,0,1,0,0
4721,5037,My Dream Derelict Home,2014,,,13/100,0,1,0,1,1,1
2259,2316,Claws,2017,18+,7.4/10,68/100,1,0,0,1,0,0
3587,3788,American Experience,1988,7+,8.6/10,64/100,0,1,0,1,0,0
866,869,Selling Sunset,2019,18+,6.3/10,55/100,0,0,0,1,0,0
1974,1988,Prison Break,2005,16+,8.3/10,87/100,1,1,0,1,0,0
1767,1775,Kid-E-Cats,2017,all,7.4/10,35/100,0,0,0,1,0,0
4435,4736,Hilarious Helmet History,2017,,6.6/10,29/100,0,1,0,1,1,0
2834,2949,Our Cartoon President,2018,16+,5.1/10,50/100,1,0,0,1,0,0
2396,2472,Clannad After Story,2009,7+,8.6/10,62/100,1,0,0,1,0,0
4728,5044,Cosmo Queens,2017,,,13/100,0,1,0,1,1,1
4860,5179,Citizens of the World,2010,,,10/100,0,1,0,1,1,1
1644,1650,Justin Time,2011,all,6.7/10,39/100,0,0,0,1,0,0
379,381,The Baker and the Beauty,2020,16+,7.4/10,67/100,0,1,0,1,0,0
241,242,Ratched,2020,18+,7.3/10,72/100,0,0,0,1,0,0
4231,4527,Bulge Bracket,2020,,5.2/10,37/100,0,1,0,1,1,0
1336,1340,Peasants Rebellion,2018,,8.5/10,46/100,0,0,0,1,1,0
4433,4734,About Him: Freshman Year,2017,,,29/100,0,1,0,1,1,1
4061,4347,Bad Guy,2010,16+,7.7/10,42/100,0,1,0,1,0,0
3846,4107,Empresses In The Palace,2011,7+,8.4/10,49/100,0,1,0,1,0,0
5314,5662,Wild Sri Lanka,2015,7+,8.6/10,36/100,0,0,1,1,0,0
962,965,The Guest,2018,,8.2/10,53/100,0,0,0,1,1,0
1563,1569,The Casketeers,2018,16+,7.5/10,41/100,0,0,0,1,0,0
143,144,HAPPY!,2017,18+,8.2/10,77/100,0,0,0,1,0,0
2329,2395,Prison School,2015,18+,7.6/10,65/100,1,0,0,1,0,0
5115,5444,Turner & Hooch,2021,7+,6.0/10,60/100,0,0,1,1,0,0
247,248,Marcella,2016,18+,7.4/10,72/100,0,0,0,1,0,0
2250,2305,Ally McBeal,1997,16+,6.8/10,68/100,1,0,0,1,0,0
4536,4840,Dirty Dancing,2017,,,18/100,0,1,0,1,1,1
2239,2293,Tyrant,2014,18+,7.8/10,68/100,1,0,0,1,0,0
98,99,Riverdale,2017,16+,6.8/10,81/100,1,0,0,1,0,0
852,855,"Bring It On, Ghost",2016,16+,7.6/10,55/100,0,0,0,1,0,0
4377,4677,Shelldon,2009,all,5.8/10,32/100,0,1,0,1,0,0
2484,2576,Teen Titans Go!,2013,7+,5.4/10,59/100,1,0,0,1,0,0
5025,5344,Looi,2014,,,10/100,0,1,0,1,1,1
502,505,Ethos,2020,,8.6/10,63/100,0,0,0,1,1,0
1736,1744,All About Love,2010,,6.3/10,36/100,0,0,0,1,1,0
3628,3842,The Feed,2019,16+,6.3/10,60/100,0,1,0,1,0,0
3002,3129,The Show Must Go On: The Queen + Adam Lambert Story,2019,,7.8/10,44/100,1,0,0,1,1,0
3479,3635,Alias,2001,16+,7.6/10,80/100,0,1,0,1,0,0
1912,1921,True: Wonderful Wishes,2018,,,18/100,0,0,0,1,1,1
1525,1531,Love O2O,2016,16+,8.0/10,42/100,0,0,0,1,0,0
1632,1638,La Línea: Shadow of Narco,2020,,6.4/10,39/100,0,0,0,1,1,0
5366,5716,Wild Russia,2018,,,10/100,0,0,1,1,1,1
4743,5060,The Crusaders,2005,,,13/100,0,1,0,1,1,1
113,114,Into the Badlands,2015,16+,8.0/10,80/100,0,0,0,1,0,0
992,995,Crazy Delicious,2020,7+,6.7/10,52/100,0,0,0,1,0,0
3410,3544,The Bravest Knight Who Ever Lived,2014,,,13/100,1,0,0,1,1,1
3432,3566,Gen H,2012,,,10/100,1,0,0,1,1,1
2969,3094,1969,2019,,7.0/10,45/100,1,0,0,1,1,0
5320,5668,Chip 'n Dale's Nutty Tales,2017,,7.0/10,35/100,0,0,1,1,1,0
629,632,The Windsors,2016,18+,7.1/10,60/100,0,0,0,1,0,0
4274,4570,"Rich Bride, Poor Bride",2006,all,6.2/10,36/100,0,1,0,1,0,0
1421,1427,Fartsa,2015,,6.7/10,44/100,0,0,0,1,1,0
1545,1551,Pet Stars,2021,,5.8/10,41/100,0,0,0,1,1,0
608,611,Wet Hot American Summer: Ten Years Later,2017,16+,6.9/10,61/100,0,0,0,1,0,0
3768,4013,Luxe Listings Sydney,2021,,6.2/10,52/100,0,1,0,1,1,0
939,942,Million Pound Menu,2018,,6.7/10,53/100,0,0,0,1,1,0
2565,2663,Alias Smith and Jones,1971,7+,7.6/10,57/100,1,0,0,1,0,0
2065,2098,Prodigal Son,2019,16+,7.7/10,77/100,1,0,0,1,0,0
1114,1117,We Are the Champions,2020,,7.1/10,50/100,0,0,0,1,1,0
3126,3257,Cherries Wild,2021,,3.6/10,39/100,1,0,0,1,1,0
5020,5339,Onyx Kids,2016,,,10/100,0,1,0,1,1,1
1001,1004,Okupas,2000,18+,9.1/10,52/100,0,0,0,1,0,0
2325,2390,Primeval,2007,16+,7.3/10,65/100,1,0,0,1,0,0
1559,1565,Takki,2012,all,7.1/10,41/100,0,0,0,1,0,0
2571,2669,Bizarre Foods with Andrew Zimmern,2006,7+,7.7/10,57/100,1,0,0,1,0,0
3538,3720,Ordeal by Innocence,2018,,7.3/10,69/100,0,1,0,1,1,0
137,138,"Tiger King: Murder, Mayhem and Madness",2020,18+,7.6/10,78/100,0,0,0,1,0,0
4586,4897,Morning Glory,2013,,,16/100,1,1,0,1,1,1
308,310,Sweet Magnolias,2020,16+,7.4/10,69/100,0,0,0,1,0,0
1367,1371,Archibald's Next Big Thing,2019,7+,7.8/10,45/100,0,0,0,1,0,0
4924,5243,Uncaged: The Animated Series,2017,,,10/100,0,1,0,1,1,1
2388,2464,While You Were Sleeping,2017,,8.4/10,63/100,1,0,1,1,1,0
1651,1657,StoryBots Super Songs,2016,all,8.5/10,39/100,0,0,0,1,0,0
4458,4760,MegaSpeed,2014,,4.4/10,27/100,0,1,0,1,1,0
2150,2193,Graceland,2013,16+,7.7/10,72/100,1,0,0,1,0,0
4411,4712,The Really Big Flip,2017,,6.3/10,30/100,0,1,0,1,1,0
773,776,Vexed,2010,7+,7.3/10,56/100,0,0,0,1,0,0
4879,5198,Switzerland's Amazing Train Rides,2014,,,10/100,0,1,0,1,1,1
1390,1395,LEGO Jurassic World: Legend of Isla Nublar,2019,all,6.8/10,45/100,0,0,0,1,0,0
3657,3880,Made in Heaven,2019,18+,8.3/10,58/100,0,1,0,1,0,0
2848,2965,Caillou,1998,all,4.0/10,49/100,1,1,0,1,0,0
5204,5544,Mighty Ducks: The Animated Series,1996,7+,6.5/10,50/100,0,0,1,1,0,0
1012,1015,Power Rangers Dino Fury,2021,7+,6.8/10,52/100,0,0,0,1,0,0
4364,4663,SciGirls,2010,all,7.5/10,33/100,0,1,0,1,0,0
1177,1180,Chef's Table: BBQ,2020,,7.8/10,49/100,0,0,0,1,1,0
451,453,Pawn Stars,2009,7+,7.2/10,65/100,1,1,0,1,0,0
2223,2275,Lodge 49,2018,16+,7.7/10,69/100,1,0,0,1,0,0
5302,5649,Kirby Buckets,2014,7+,4.8/10,38/100,0,0,1,1,0,0
217,218,Shooter,2016,16+,7.5/10,73/100,0,0,0,1,0,0
2630,2731,The Secret Life of the American Teenager,2008,16+,5.0/10,55/100,1,0,0,1,0,0
4125,4418,Wildest Arctic,2012,,8.4/10,39/100,0,1,0,1,1,0
1580,1586,Inspector Gadget,2015,all,4.6/10,40/100,0,0,1,1,0,0
5065,5387,Star Wars Rebels,2014,7+,8.0/10,79/100,0,0,1,1,0,0
3368,3501,#ThatsHarassment,2018,,,14/100,1,1,0,1,1,1
3045,3173,Abandoned,2012,,,42/100,1,1,0,1,1,1
487,490,Goosebumps,1995,all,7.7/10,63/100,0,0,0,1,0,0
4202,4498,Screen Two,1985,,6.3/10,37/100,0,1,0,1,1,0
1542,1548,Magmel of the Sea Blue,2019,7+,6.2/10,41/100,0,0,0,1,0,0
4987,5306,Haus of Schreck,2018,,,10/100,0,1,0,1,1,1
4249,4545,Bad Ink,2013,16+,5.7/10,36/100,0,1,0,1,0,0
4281,4577,Crackanory,2013,,7.0/10,35/100,0,1,0,1,1,0
3405,3539,Especiales de Historia de México,2012,,,13/100,1,0,0,1,1,1
2658,2760,A Certain Scientific Railgun,2009,16+,7.6/10,55/100,1,0,0,1,0,0
348,350,Hyperdrive,2019,7+,8.1/10,67/100,0,1,0,1,0,0
3314,3447,31 Nights of Halloween Fan Fest,2019,,,19/100,1,0,0,1,1,1
4044,4328,The Attackers,2013,,7.4/10,42/100,0,1,0,1,1,0
5195,5535,Ice Road Rescue,2015,,8.0/10,50/100,0,0,1,1,1,0
223,224,Resurrection: Ertugrul,2014,16+,8.0/10,73/100,0,0,0,1,0,0
4902,5221,Bana: Heart of Darkness,2017,,,10/100,0,1,0,1,1,1
4354,4653,Looped,2016,all,5.8/10,33/100,0,1,0,1,0,0
2553,2650,Kimi ni Todoke: From Me to You,2009,all,7.8/10,58/100,1,0,0,1,0,0
533,536,Patriot Act with Hasan Minhaj,2018,18+,8.3/10,62/100,0,0,0,1,0,0
2932,3055,The Hotwives of Orlando,2014,16+,7.5/10,46/100,1,0,0,1,0,0
3402,3536,NASA Television Documentaries,2015,,,13/100,1,0,0,1,1,1
2566,2664,Justice League Action,2016,7+,7.6/10,57/100,1,0,0,1,0,0
2602,2703,Fear Factor,2001,7+,5.6/10,56/100,1,0,0,1,0,0
4606,4917,How Does That Work?,2007,,,14/100,0,1,0,1,1,1
2196,2246,Flashpoint,2008,16+,7.7/10,70/100,1,1,0,1,0,0
1203,1206,The Cuba Libre Story,2016,16+,7.7/10,48/100,0,0,0,1,0,0
4041,4325,Annedroids,2014,all,6.3/10,42/100,0,1,0,1,0,0
2323,2387,Ergo Proxy,2006,18+,8.0/10,65/100,1,0,0,1,0,0
1933,1943,DreamWorks Spooky Stories Volume 2,2011,,,14/100,0,0,0,1,1,1
2426,2509,Wings,1990,7+,7.2/10,61/100,1,0,0,1,0,0
2525,2621,World Trigger,2014,16+,7.5/10,58/100,1,0,0,1,0,0
159,160,Supergirl,2015,16+,6.2/10,77/100,0,0,0,1,0,0
4570,4879,Running Man,2016,,,16/100,0,1,0,1,1,1
4793,5112,Pinkfong! Puppet Show,2017,,,10/100,0,1,0,1,1,1
3551,3741,Too Old to Die Young,2019,18+,7.4/10,67/100,0,1,0,1,0,0
4725,5041,Ruining History,2017,,,13/100,0,1,0,1,1,1
3407,3541,Obsessed (WIRED),2017,,,13/100,1,0,0,1,1,1
499,502,Power Rangers,1993,7+,6.5/10,63/100,0,1,0,1,0,0
1814,1822,Hello Ninja,2019,all,6.6/10,34/100,0,0,0,1,0,0
3260,3392,Los Caballeros Las Prefieren Brutas,2011,,,28/100,1,0,0,1,1,1
144,145,Haikyu!!,2014,16+,8.7/10,77/100,1,0,0,1,0,0
1427,1433,Hjørdis,2015,all,7.2/10,44/100,0,0,0,1,0,0
1475,1481,Tattoo Redo,2021,,5.1/10,43/100,0,0,0,1,1,0
5232,5576,Lost Cities with Albert Lin,2019,,7.8/10,47/100,0,0,1,1,1,0
3154,3285,Glam Masters,2018,,4.5/10,38/100,1,0,0,1,1,0
1521,1527,Alien TV,2020,7+,6.2/10,42/100,0,0,0,1,0,0
3083,3212,Murder on the Internet,2017,,6.7/10,40/100,1,1,0,1,1,0
3276,3408,Pim & Pimba,2011,,,26/100,1,0,0,1,1,1
3475,3629,Eureka,2006,16+,7.9/10,81/100,0,1,0,1,0,0
1622,1628,Yummy Mummies,2017,7+,4.1/10,40/100,0,0,0,1,0,0
4877,5196,Pinkfong! Healthy Habit Songs,2017,,,10/100,0,1,0,1,1,1
3582,3782,Hustle,2006,16+,8.1/10,64/100,0,1,0,1,0,0
2278,2337,ThunderCats,1985,7+,7.9/10,67/100,1,0,0,1,0,0
4500,4803,Kongsuni & Friends,2018,,,21/100,0,1,0,1,1,1
467,469,Fate/Zero,2011,18+,8.3/10,64/100,0,0,0,1,0,0
634,637,The A List,2018,7+,5.5/10,60/100,0,0,0,1,0,0
3145,3276,Dot.,2016,all,7.1/10,38/100,1,0,0,1,0,0
933,936,The I-Land,2019,18+,4.6/10,53/100,0,0,0,1,0,0
302,304,InuYasha,2000,16+,7.9/10,69/100,1,0,0,1,0,0
1014,1017,Barney & Friends,1992,all,3.9/10,52/100,0,1,0,1,0,0
2211,2262,Legit,2013,18+,8.2/10,69/100,1,0,0,1,0,0
3606,3812,Comrade Detective,2017,18+,7.3/10,62/100,0,1,0,1,0,0
3974,4253,Sensing Murder,2006,,6.4/10,44/100,0,1,0,1,1,0
867,870,Trailer Park Boys: The Animated Series,2019,18+,7.5/10,55/100,0,0,0,1,0,0
2493,2585,Danganronpa: The Animation,2013,18+,6.9/10,59/100,1,0,0,1,0,0
4402,4703,Wrench Wars,2017,,5.7/10,31/100,0,1,0,1,1,0
3827,4082,On Death Row,2012,16+,8.0/10,50/100,0,1,0,1,0,0
1601,1607,Lego Bionicle: The Journey to One,2016,7+,5.5/10,40/100,0,0,0,1,0,0
1108,1111,The Alcàsser Murders,2019,18+,7.1/10,50/100,0,0,0,1,0,0
1332,1336,Grizzy & the Lemmings,2016,all,7.0/10,46/100,0,0,0,1,0,0
3992,4274,Charlie's Angels,2011,16+,4.4/10,44/100,0,1,0,1,0,0
2842,2958,The Real Housewives of New Jersey,2009,16+,4.0/10,49/100,1,0,0,1,0,0
2650,2752,Disappeared,2009,7+,8.0/10,55/100,1,0,0,1,0,0
910,913,Nicky Jam: El Ganador,2018,,7.8/10,54/100,0,0,0,1,1,0
1891,1899,CoComelon,2020,,,25/100,1,0,0,1,1,1
5175,5515,Pixar Popcorn,2021,7+,6.6/10,52/100,0,0,1,1,0,0
5002,5321,Dyches Fam 2016,2016,,,10/100,0,1,0,1,1,1
2868,2987,Flavor of Love Girls: Charm School,2007,,5.9/10,48/100,1,0,0,1,1,0
918,921,Sisyphus,2021,,7.1/10,53/100,0,0,0,1,1,0
2401,2478,Duncanville,2020,16+,6.0/10,62/100,1,0,0,1,0,0
5156,5490,Wicked Tuna,2012,16+,6.6/10,55/100,0,0,1,1,0,0
2204,2254,Rurouni Kenshin,1996,16+,8.5/10,70/100,1,1,0,1,0,0
4729,5045,In the Dream to Find the Answer,2015,,,13/100,0,1,0,1,1,1
5059,5379,WandaVision,2021,16+,8.0/10,89/100,0,0,1,1,0,0
575,578,Love 101,2020,18+,7.5/10,61/100,0,0,0,1,0,0
72,73,One-Punch Man,2015,7+,8.8/10,83/100,1,0,0,1,0,0
4738,5055,Last Thing On My Phone,2016,,,13/100,0,1,0,1,1,1
4782,5101,Inside Scotland Yard with Trevor McDonald,2016,,,13/100,0,1,0,1,1,1
1122,1125,Murder Maps,2015,16+,7.5/10,50/100,0,0,0,1,0,0
1034,1037,Girls und Panzer,2012,16+,7.4/10,52/100,1,0,0,1,0,0
1529,1535,Agent,2019,,7.2/10,42/100,0,0,0,1,1,0
1567,1573,Panda and Hedgehog,2012,,6.3/10,41/100,0,0,0,1,1,0
3183,3314,Mickey's 90th Spectacular,2018,7+,7.1/10,36/100,1,0,0,1,0,0
3714,3948,I Love Dick,2016,16+,6.3/10,54/100,0,1,0,1,0,0
66,67,Death Note,2006,16+,9.0/10,84/100,1,0,0,1,0,0
4285,4582,Killer Wave,2007,16+,4.3/10,35/100,0,1,0,1,0,0
1299,1302,SAINT SEIYA: Knights of the Zodiac,2019,16+,4.5/10,46/100,0,0,0,1,0,0
1139,1142,Bumping Mics with Jeff Ross & Dave Attell,2018,18+,7.7/10,50/100,0,0,0,1,0,0
4849,5168,L.A. Cops,1998,,,10/100,0,1,0,1,1,1
5014,5333,Tales of The Wild West,2017,,,10/100,0,1,0,1,1,1
1482,1488,The Rap Game,2016,7+,5.7/10,43/100,0,0,0,1,0,0
1491,1497,Super Monsters,2017,all,6.5/10,43/100,0,0,0,1,0,0
2604,2705,Aesthetica of a Rogue Hero,2012,18+,7.1/10,56/100,1,0,0,1,0,0
991,994,Grand Hotel,2016,,8.2/10,52/100,0,0,0,1,1,0
2071,2106,Lethal Weapon,2016,16+,7.9/10,77/100,1,0,0,1,0,0
265,266,Pretend It's a City,2021,16+,8.1/10,71/100,0,0,0,1,0,0
1986,2005,Bob's Burgers,2011,16+,8.1/10,85/100,1,0,0,1,0,0
5258,5603,Marvel's Future Avengers,2017,7+,5.7/10,44/100,0,0,1,1,0,0
582,585,People Just Do Nothing,2014,18+,8.5/10,61/100,0,0,0,1,0,0
3615,3825,All or Nothing: Manchester City,2018,all,8.2/10,61/100,0,1,0,1,0,0
402,404,Toradora!,2008,16+,8.0/10,66/100,0,1,0,1,0,0
3262,3394,Utano Princesama Revolutions,2015,,4.2/10,28/100,1,0,0,1,1,0
489,492,Angel Beats!,2010,16+,7.7/10,63/100,0,0,0,1,0,0
2639,2740,All Saints,1998,16+,7.1/10,55/100,1,0,0,1,0,0
1965,1977,Homeland,2011,18+,8.3/10,89/100,1,0,0,1,0,0
4719,5035,Game Changers,2012,,,13/100,0,1,0,1,1,1
5330,5678,Gathering Storm,2020,,,33/100,0,0,1,1,1,1
4595,4906,The Family Blend!,2016,,,16/100,0,1,0,1,1,1
4501,4804,"Sesame Street: 3,2,1 Let's Go",2010,,,21/100,0,1,0,1,1,1
3713,3947,Legend of Earthsea,2004,,5.7/10,54/100,0,1,0,1,1,0
3228,3360,Man vs. Master: Chef Battle,2019,,7.5/10,32/100,1,0,0,1,1,0
2172,2218,Sesame Street,1969,all,8.1/10,71/100,1,1,0,1,0,0
1002,1005,Sword Art Online Alternative: Gun Gale Online,2018,16+,6.9/10,52/100,1,0,0,1,0,0
12,13,Narcos,2015,18+,8.8/10,90/100,0,0,0,1,0,0
2340,2407,Saved by the Bell,1989,all,7.0/10,64/100,1,0,0,1,0,0
2033,2065,Revenge,2011,18+,7.8/10,79/100,1,0,0,1,0,0
3427,3561,Strait Talk with Matt & LZ,2016,,,10/100,1,0,0,1,1,1
2179,2227,Will & Grace,1998,16+,7.2/10,71/100,1,0,0,1,0,0
3265,3397,Behind the Bar,2011,16+,4.4/10,28/100,1,0,0,1,0,0
4036,4320,Sex Sent Me to the ER,2013,18+,5.4/10,42/100,0,1,0,1,0,0
1953,1964,Fargo,2014,18+,8.9/10,92/100,1,0,0,1,0,0
2244,2298,Fosse/Verdon,2019,18+,7.9/10,68/100,1,0,0,1,0,0
4508,4811,City Slickers In Westworld featuring Billy Crystal,2017,,,20/100,0,1,0,1,1,1
3207,3339,Fujiko,2015,,8.4/10,34/100,1,0,0,1,1,0
3885,4155,Hitoshi Matsumoto Presents Documental,2016,,8.0/10,47/100,0,1,0,1,1,0
3244,3376,Night Guard,2015,18+,8.0/10,31/100,1,0,0,1,0,0
2933,3056,"Ruff-Ruff, Tweet and Dave",2015,all,7.6/10,46/100,1,0,0,1,0,0
4,5,Dark,2017,16+,8.8/10,93/100,0,0,0,1,0,0
1778,1786,In The Bosom of a Thorn,2019,16+,7.3/10,35/100,0,0,0,1,0,0
134,135,Maniac,2018,18+,7.8/10,78/100,0,0,0,1,0,0
4840,5159,Jesse James Austin Speed Shop,2012,,,10/100,0,1,0,1,1,1
2164,2209,Horace and Pete,2016,18+,8.5/10,72/100,1,0,0,1,0,0
1680,1686,Cabins in the Wild with Dick Strawbridge,2017,7+,6.8/10,38/100,0,0,0,1,0,0
2230,2284,A Teacher,2020,18+,6.9/10,69/100,1,0,0,1,0,0
3883,4153,Yancy Derringer,1958,,7.8/10,47/100,0,1,0,1,1,0
1934,1944,The Family Court,2010,,,14/100,0,0,0,1,1,1
1284,1287,A.I.C.O. -Incarnation-,2018,18+,6.4/10,47/100,0,0,0,1,0,0
5064,5385,The Bad Batch,2021,7+,8.2/10,82/100,0,0,1,1,0,0
4347,4646,The Surgeons,2003,16+,,33/100,0,1,0,1,0,1
3552,3743,Forever,2018,18+,7.2/10,67/100,0,1,0,1,0,0
2858,2976,恋と選挙とチョコレート,2012,18+,6.6/10,49/100,1,0,0,1,0,0
2456,2543,Sealab 2021,2000,16+,7.9/10,60/100,1,1,0,1,0,0
2234,2288,Life in Pieces,2015,16+,8.0/10,69/100,1,1,0,1,0,0
3934,4209,Nova ScienceNow,2005,all,8.5/10,45/100,0,1,0,1,0,0
539,542,Move to Heaven,2021,,8.7/10,62/100,0,0,0,1,1,0
871,874,Intersection,2016,,6.6/10,54/100,0,1,0,1,1,0
1848,1856,Dennis & Gnasher Unleashed!,2017,all,7.4/10,31/100,0,0,0,1,0,0
4618,4930,Wild & Crazy,2008,,,14/100,0,1,0,1,1,1
4216,4512,DNA Detectives,2011,,,37/100,0,1,0,1,1,1
3429,3563,ESL Bootcamp: Immortals,2017,,,10/100,1,0,0,1,1,1
352,354,Devilman: Crybaby,2018,,7.6/10,67/100,0,0,0,1,1,0
3645,3865,The ABC Murders,2018,16+,6.6/10,59/100,0,1,0,1,0,0
3474,3628,Californication,2007,18+,8.3/10,81/100,0,1,0,1,0,0
3099,3230,Connecting...,2020,7+,5.1/10,40/100,1,0,0,1,0,0
1480,1486,Take My Brother Away,2018,all,7.1/10,43/100,0,0,0,1,0,0
2913,3036,Duenos Del Paraiso,2015,16+,6.9/10,47/100,1,0,0,1,0,0
3819,4073,The Last Place on Earth,1985,,8.2/10,50/100,0,1,0,1,1,0
44,45,"Love, Death & Robots",2019,18+,8.5/10,86/100,0,0,0,1,0,0
4927,5246,Love In Han Yuan,2018,,,10/100,0,1,0,1,1,1
3417,3551,Bioterrorism: The Truth,2016,,,13/100,1,0,0,1,1,1
3976,4255,All or Nothing: The Michigan Wolverines,2018,,7.6/10,44/100,0,1,0,1,1,0
1824,1832,Color of Woman,2011,,5.0/10,33/100,0,0,0,1,1,0
4482,4784,Gok's Clothes Roadshow,2011,,6.4/10,24/100,0,1,0,1,1,0
4765,5083,Flip Flap,2017,,,13/100,0,1,0,1,1,1
3855,4120,The Adventures of Swiss Family Robinson,1998,,7.4/10,48/100,0,1,0,1,1,0
2606,2707,Pure,2017,18+,7.0/10,56/100,1,0,0,1,0,0
4549,4854,Day of The Gun - The Series,2018,,,17/100,0,1,0,1,1,1
3731,3968,Tales of the Unexpected,1979,7+,7.7/10,54/100,0,1,0,1,0,0
2616,2717,Worst Cooks in America,2010,all,6.4/10,56/100,1,0,0,1,0,0
3090,3219,The View,1997,16+,2.6/10,40/100,1,0,0,1,0,0
863,866,Kantaro: The Sweet Tooth Salaryman,2017,7+,7.5/10,55/100,0,0,0,1,0,0
4540,4844,73 Questions Answered By Your Favorite Celebs,2014,,,18/100,0,1,0,1,1,1
3608,3814,Wolfblood,2013,7+,7.6/10,62/100,0,1,0,1,0,0
971,974,Jiva!,2021,18+,5.7/10,53/100,0,0,0,1,0,0
1185,1188,This Evening,2017,,8.2/10,49/100,0,0,0,1,1,0
224,225,Versailles,2015,18+,7.9/10,73/100,0,0,0,1,0,0
202,203,Living with Yourself,2019,18+,7.2/10,74/100,0,0,0,1,0,0
5077,5401,Bluey,2018,all,9.6/10,71/100,0,0,1,1,0,0
4028,4311,Nature Cat,2015,all,7.2/10,43/100,0,1,0,1,0,0
5224,5566,Spin and Marty,1955,all,8.1/10,47/100,0,0,1,1,0,0
1813,1821,Morphle,2019,all,4.9/10,34/100,1,0,0,1,0,0
3462,3607,The Fall,2013,18+,8.1/10,85/100,0,1,0,1,0,0
2971,3096,Buddy Complex,2013,,7.3/10,45/100,1,0,0,1,1,0
4261,4557,Constitution USA with Peter Sagal,2013,,,36/100,0,1,0,1,1,1
5343,5692,Jungle Animal Rescue,2020,,6.4/10,28/100,0,0,1,1,1,0
5229,5573,Star Wars Vehicle Flythroughs,2021,,6.3/10,47/100,0,0,1,1,1,0
840,843,Wheel of Fortune,1983,all,6.7/10,55/100,0,0,0,1,0,0
3879,4148,Ronja the Robber's Daughter,2014,7+,7.3/10,47/100,0,1,0,1,0,0
666,669,Greenhouse Academy,2017,7+,6.9/10,59/100,0,0,0,1,0,0
2091,2127,The Gifted,2017,16+,7.3/10,75/100,1,0,0,1,0,0
3303,3436,South Park en Español,1997,,,21/100,1,0,0,1,1,1
1223,1226,Monty Python's Fliegender Zirkus,1972,,8.2/10,48/100,0,0,0,1,1,0
5189,5529,Jake and the Never Land Pirates,2011,all,5.6/10,51/100,0,0,1,1,0,0
2104,2141,Fresh Off the Boat,2015,7+,7.8/10,75/100,1,0,0,1,0,0
3550,3738,The Men Who Built America,2012,7+,8.6/10,67/100,0,1,0,1,0,0
3385,3518,Legendary Catch,2019,,,14/100,1,0,0,1,1,1
1995,2017,Taboo,2017,18+,8.4/10,83/100,1,0,0,1,0,0
189,190,The Midnight Gospel,2020,18+,8.2/10,74/100,0,0,0,1,0,0
2457,2544,The Incredible Dr. Pol,2011,7+,8.6/10,60/100,1,0,1,1,0,0
4046,4330,All or Nothing: The Dallas Cowboys,2018,18+,7.7/10,42/100,0,1,0,1,0,0
2072,2107,The Last Man on Earth,2015,16+,7.3/10,77/100,1,0,0,1,0,0
2781,2893,The Hills,2006,7+,3.6/10,51/100,1,1,0,1,0,0
825,828,When the Camellia Blooms,2019,,8.0/10,55/100,0,0,0,1,1,0
1391,1396,Silvana Sin Lana,2016,16+,7.5/10,45/100,0,0,0,1,0,0
3214,3346,Activate: The Global Citizen Movement,2019,,5.3/10,33/100,1,0,0,1,1,0
4425,4726,A Year to Remember,2011,,6.3/10,29/100,0,1,0,1,1,0
3201,3332,Terrific Trucks,2016,all,5.7/10,34/100,1,0,0,1,0,0
2102,2139,Staged,2020,,8.6/10,75/100,1,0,0,1,1,0
3850,4111,Unscripted,2005,,7.3/10,49/100,0,1,0,1,1,0
2212,2263,Breeders,2020,18+,7.4/10,69/100,1,0,0,1,0,0
4352,4651,Mr Swimmer,2018,,7.4/10,33/100,0,1,0,1,1,0
30,31,Arrested Development,2003,16+,8.7/10,87/100,1,0,0,1,0,0
1160,1163,QB1: Beyond the Lights,2017,16+,7.8/10,49/100,0,0,0,1,0,0
4587,4898,Where I'd Rather Be,2017,,,16/100,0,1,0,1,1,1
333,335,Z Nation,2014,16+,6.7/10,68/100,0,0,0,1,0,0
3181,3312,Tulli,2011,,5.9/10,36/100,1,0,0,1,1,0
2358,2428,Chopped,2009,all,7.5/10,64/100,1,0,0,1,0,0
3424,3558,Jenni Rivera La Vida de Una Diva,2013,,,10/100,1,0,0,1,1,1
2518,2614,Saving Grace,2007,18+,7.6/10,59/100,1,0,0,1,0,0
4167,4462,Roughing It,2002,,7.0/10,38/100,0,1,0,1,1,0
2087,2123,Stargate Universe,2009,16+,7.6/10,76/100,1,0,0,1,0,0
4675,4991,The Lost Tales of Egypt,2018,,,13/100,0,1,0,1,1,1
1259,1262,Flavorful Origins,2019,all,7.8/10,47/100,0,0,0,1,0,0
2771,2883,The Dick Cavett Show,1968,,8.4/10,51/100,1,0,0,1,1,0
2026,2057,Cowboy Bebop,1998,16+,8.9/10,80/100,1,0,0,1,0,0
4169,4464,One Mic Stand,2019,,6.6/10,38/100,0,1,0,1,1,0
678,681,Dogs of Berlin,2018,16+,7.6/10,59/100,0,0,0,1,0,0
3586,3787,The League of Gentlemen,1999,18+,8.4/10,64/100,0,1,0,1,0,0
2844,2960,The Murder of Laci Peterson,2017,16+,7.4/10,49/100,1,1,0,1,0,0
446,448,The Bureau of Magical Things,2018,7+,6.7/10,65/100,0,0,0,1,0,0
4126,4419,Angelina Ballerina,2002,all,5.8/10,39/100,0,1,0,1,0,0
2175,2221,Good Behavior,2016,18+,8.1/10,71/100,1,0,0,1,0,0
2682,2786,A Christmas Carol,2019,18+,7.2/10,54/100,1,0,1,1,0,0
4812,5131,Ghosts of The Caribbean,2017,,,10/100,0,1,0,1,1,1
1997,2020,Normal People,2020,16+,8.5/10,83/100,1,0,0,1,0,0
3908,4180,The Tesla Files,2018,,7.2/10,46/100,0,1,0,1,1,0
895,898,Murder Mountain,2018,16+,6.9/10,54/100,0,0,0,1,0,0
3905,4177,Hoarding: Buried Alive,2010,7+,6.6/10,46/100,0,1,0,1,0,0
2404,2481,Intervention,2005,16+,7.8/10,62/100,1,0,0,1,0,0
1951,1962,Seinfeld,1989,16+,8.8/10,93/100,1,0,0,1,0,0
5132,5465,Schoolhouse Rock,1973,7+,8.1/10,58/100,0,0,1,1,0,0
735,738,The Next Step,2013,all,6.2/10,57/100,0,0,0,1,0,0
1272,1275,Waffles + Mochi,2021,,7.6/10,47/100,0,0,0,1,1,0
3073,3201,Planet Sheen,2010,7+,3.0/10,41/100,1,0,0,1,0,0
2367,2438,Travel Man: 48 Hours in...,2015,7+,8.3/10,63/100,1,0,0,1,0,0
396,398,Great News,2017,7+,7.0/10,66/100,0,0,0,1,0,0
2669,2772,The Smile Has Left Your Eyes,2018,all,7.7/10,55/100,1,0,0,1,0,0
4552,4858,Mono Mario,2016,,,17/100,0,1,0,1,1,1
1865,1873,At Dolphin Bay,2003,,7.1/10,31/100,0,0,0,1,1,0
3783,4031,Miami Ink,2005,7+,6.5/10,51/100,0,1,0,1,0,0
3184,3315,Ellen's Greatest Night of Giveaways,2019,7+,4.5/10,35/100,1,0,0,1,0,0
1705,1711,Kong: King of the Apes,2016,7+,5.8/10,37/100,0,0,0,1,0,0
4770,5088,Faaail!,2016,,,13/100,0,1,0,1,1,1
1800,1808,KO One,2005,7+,5.4/10,34/100,0,0,0,1,0,0
3206,3338,Star Wars Galaxy's Edge: Adventure Awaits,2019,,5.4/10,34/100,1,0,0,1,1,0
4325,4624,The Bumble Nums,2017,all,7.2/10,34/100,0,1,0,1,0,0
2708,2813,Coupling,2000,7+,3.6/10,53/100,1,0,0,1,0,0
4979,5298,Yoga Class for Beginners with Irini Res,2017,,,10/100,0,1,0,1,1,1
4697,5013,Hitler's Holocaust,2001,,,13/100,0,1,0,1,1,1
2643,2744,Barbarians Rising,2016,18+,7.8/10,55/100,1,0,0,1,0,0
4022,4305,Spaceballs: The Animated Series,2008,18+,4.2/10,43/100,0,1,0,1,0,0
1900,1908,Paprika,2018,all,,21/100,0,0,0,1,0,1
298,300,"Roswell, New Mexico",2019,16+,6.2/10,70/100,0,0,0,1,0,0
3031,3158,Juana la virgen,2002,,6.1/10,42/100,1,0,0,1,1,0
4135,4428,Unsolved History,2002,,7.1/10,39/100,0,1,0,1,1,0
1013,1016,Broken,2019,16+,6.9/10,52/100,0,0,0,1,0,0
1414,1420,The Ollie & Moon Show,2017,all,8.3/10,44/100,0,0,0,1,0,0
977,980,Glitch Techs,2020,all,7.9/10,52/100,0,0,0,1,0,0
2491,2583,Snow White with the Red Hair,2015,16+,7.8/10,59/100,1,0,0,1,0,0
1949,1959,Be with Me,2015,,,10/100,0,0,0,1,1,1
2111,2148,Deutschland,2015,18+,8.1/10,74/100,1,0,0,1,0,0
3775,4021,Grace Under Fire,1993,7+,6.4/10,52/100,0,1,0,1,0,0
3212,3344,Redacted Tonight,2014,,8.1/10,33/100,1,0,0,1,1,0
661,664,Luis Miguel: The Series,2018,16+,8.0/10,59/100,0,0,0,1,0,0
33,34,Orange Is the New Black,2013,18+,8.0/10,87/100,0,0,0,1,0,0
861,864,Teen Mom 2,2011,7+,4.3/10,55/100,0,1,0,1,0,0
4799,5118,Learn with Ted The Train,2016,,,10/100,0,1,0,1,1,1
1670,1676,Ricky Zoom,2019,all,6.5/10,39/100,0,0,0,1,0,0
1722,1729,The Little Nyonya,2008,,,37/100,0,0,0,1,1,1
49,50,American Crime Story,2016,18+,8.4/10,85/100,0,0,0,1,0,0
3266,3398,NASA 360,2008,all,7.6/10,28/100,1,0,0,1,0,0
31,32,Lupin,2021,18+,7.5/10,87/100,0,0,0,1,0,0
1116,1119,The Stranded,2019,18+,6.3/10,50/100,0,0,0,1,0,0
380,382,Spinning Out,2020,18+,7.6/10,67/100,0,0,0,1,0,0
2350,2419,CSI: Miami,2002,16+,6.4/10,64/100,1,0,0,1,0,0
2519,2615,Full Metal Panic!,2002,16+,7.7/10,58/100,1,0,0,1,0,0
130,131,Alias Grace,2017,18+,7.7/10,79/100,0,0,0,1,0,0
5205,5545,Star Wars: Ewoks,1985,all,6.1/10,49/100,0,0,1,1,0,0
2753,2860,The Circus,2016,16+,7.0/10,52/100,1,0,0,1,0,0
2892,3014,Lucas Bros Moving Co,2013,18+,7.0/10,48/100,1,0,0,1,0,0
2652,2754,Wise Man’s Grandchild,2019,16+,6.8/10,55/100,1,0,0,1,0,0
3862,4129,Karakuri Circus,2018,,7.1/10,48/100,0,1,0,1,1,0
2078,2113,The Exorcist,2016,16+,8.0/10,76/100,1,0,0,1,0,0
1881,1889,Nailed It! Spain,2019,,5.5/10,29/100,0,0,0,1,1,0
2013,2039,Misfits,2009,18+,8.2/10,81/100,1,0,0,1,0,0
1763,1771,YG Future Strategy Office,2018,18+,7.0/10,35/100,0,0,0,1,0,0
4074,4360,Postcards from Buster,2004,all,6.0/10,41/100,0,1,0,1,0,0
4495,4797,Flint,2012,,,22/100,0,1,0,1,1,1
1564,1570,Age of Rebellion,2018,,8.6/10,41/100,0,0,0,1,1,0
1726,1734,Fifty,2017,,8.3/10,37/100,0,0,0,1,1,0
1281,1284,Cagaster of an Insect Cage,2020,18+,6.2/10,47/100,0,0,0,1,0,0
1755,1763,Eagle of Upper Egypt,2018,all,,36/100,0,0,0,1,0,1
1590,1596,Cloudy with a Chance of Meatballs,2017,all,3.3/10,40/100,0,0,0,1,0,0
567,570,AJ and the Queen,2020,,7.5/10,61/100,0,0,0,1,1,0
896,899,EastSiders,2012,,6.9/10,54/100,0,0,0,1,1,0
3837,4093,Secret Smile,2005,,6.9/10,49/100,0,1,0,1,1,0
3523,3694,Britannia,2018,16+,6.8/10,72/100,0,1,0,1,0,0
1043,1046,The Disastrous Life of Saiki K.: Reawakened,2019,,7.9/10,51/100,0,0,0,1,1,0
2840,2955,The Real Housewives of Orange County,2006,16+,4.1/10,49/100,1,0,0,1,0,0
3906,4178,Mr. Wizard's World,1983,all,8.1/10,46/100,0,1,0,1,0,0
125,126,Unbreakable Kimmy Schmidt,2015,16+,7.6/10,79/100,0,0,0,1,0,0
3046,3174,Blade Dance of Elementalers,2014,16+,6.7/10,42/100,1,0,0,1,0,0
4671,4987,From Beyond,2017,,,13/100,0,1,0,1,1,1
3720,3954,The Twelve Kingdoms,2002,16+,8.1/10,54/100,0,1,0,1,0,0
3050,3178,Girls Beyond the Wasteland,2016,,5.5/10,42/100,1,0,0,1,1,0
2049,2082,Key & Peele,2012,18+,8.3/10,78/100,1,0,0,1,0,0
4622,4935,Always and Forever,2003,,,14/100,0,1,0,1,1,1
464,466,Surviving R. Kelly,2019,18+,7.5/10,64/100,0,0,0,1,0,0
3225,3357,Chiquis 'n Control,2012,,8.4/10,32/100,1,0,0,1,1,0
4929,5248,Review: Blind Bags and Surprise Toy Reviews,2017,,,10/100,0,1,0,1,1,1
3348,3481,A Brief History,2016,,,16/100,1,0,0,1,1,1
3379,3512,The Adventures of Dr. Buckeye Bottoms,2017,,,14/100,1,0,0,1,1,1
295,297,The Toys That Made Us,2017,16+,8.1/10,70/100,0,0,0,1,0,0
5323,5671,Lost Treasures of the Maya,2019,,,35/100,0,0,1,1,1,1
2006,2030,Naruto Shippūden,2007,7+,8.6/10,82/100,1,0,0,1,0,0
1593,1599,"Love, Now",2007,,6.1/10,40/100,0,0,0,1,1,0
5292,5639,Disney Channel Games 2008,2008,,6.7/10,39/100,0,0,1,1,1,0
2955,3080,Hip Hop Uncovered,2021,,7.4/10,45/100,1,0,0,1,1,0
5230,5574,Randy Cunningham: Ninja Total,2012,all,6.7/10,47/100,0,0,1,1,0,0
2103,2140,Dragon Ball Super,2015,7+,8.4/10,75/100,1,0,0,1,0,0
1191,1194,Signs,2018,18+,6.2/10,48/100,0,1,0,1,0,0
3491,3651,Wayne,2019,18+,8.4/10,78/100,0,1,0,1,0,0
3874,4142,Boarding School Juliet,2018,16+,7.1/10,48/100,0,1,0,1,0,0
559,562,Rhythm + Flow,2019,18+,7.7/10,62/100,0,0,0,1,0,0
2902,3025,Love & Hip Hop Hollywood,2014,16+,5.1/10,47/100,1,0,0,1,0,0
898,901,Troy: Fall of a City,2018,18+,3.8/10,54/100,0,0,0,1,0,0
4490,4792,Rat-A-Tat,2015,,,23/100,0,1,0,1,1,1
1386,1391,Fearless,2016,,7.2/10,45/100,0,1,0,1,1,0
3364,3497,Trials of the Wild,2018,,,14/100,1,0,0,1,1,1
5221,5563,Out of the Box,1998,all,7.5/10,48/100,0,0,1,1,0,0
1267,1270,Yankee,2019,18+,6.0/10,47/100,0,0,0,1,0,0
1889,1897,Chhota Bheem,2008,,4.3/10,27/100,0,0,0,1,1,0
601,604,Grand Army,2020,,7.6/10,61/100,0,0,0,1,1,0
453,455,Damnation,2017,18+,7.7/10,65/100,0,0,0,1,0,0
4385,4685,The Underdogs,2010,all,8.3/10,32/100,0,1,0,1,0,0
4407,4708,Superships,2001,all,7.6/10,31/100,0,1,0,1,0,0
291,293,Katla,2021,18+,7.1/10,70/100,0,0,0,1,0,0
4497,4799,Hidden Agenda - Real Conspiracies that Affect Our Lives Today,2017,,,21/100,0,1,0,1,1,1
3371,3504,Almost Impossible,2017,,,14/100,1,0,0,1,1,1
1803,1811,Miniforce X,2019,,4.3/10,34/100,0,1,0,1,1,0
5070,5394,One Strange Rock,2018,all,8.8/10,74/100,0,0,1,1,0,0
1940,1950,Ordinary Heroes,2013,,,13/100,0,0,0,1,1,1
3696,3927,London Kills,2019,16+,6.7/10,55/100,0,1,0,1,0,0
842,845,Girlfriends' Guide to Divorce,2014,16+,6.9/10,55/100,0,0,0,1,0,0
3363,3496,pocket.watch CaptainSparklez mishmash,2018,,,14/100,1,0,0,1,1,1
5293,5640,UFOs: The Untold Stories,2012,,,39/100,0,0,1,1,1,1
4575,4885,Whitney Bjerken Gymnastics Level 9 Competitions,2017,,,16/100,0,1,0,1,1,1
2131,2170,The Rookie,2018,16+,8.0/10,73/100,1,0,1,1,0,0
2266,2323,10 Things I Hate About You,2009,16+,7.3/10,67/100,1,0,1,1,0,0
1141,1144,Hardy Bucks,2010,7+,8.3/10,50/100,0,0,0,1,0,0
1688,1694,Tayee,2018,,8.0/10,38/100,0,0,0,1,1,0
862,865,Vientos de agua,2006,,8.8/10,55/100,0,0,0,1,1,0
1161,1164,Rugal,2020,,6.4/10,49/100,0,0,0,1,1,0
1928,1938,The Governor,2016,,,14/100,0,0,0,1,1,1
598,601,Fatma,2021,,7.5/10,61/100,0,0,0,1,1,0
14,15,Money Heist,2017,18+,8.3/10,90/100,0,0,0,1,0,0
2483,2574,Man v. Food,2008,all,7.3/10,59/100,1,0,0,1,0,0
2263,2320,Miranda,2009,7+,8.2/10,67/100,1,0,0,1,0,0
3614,3822,El Cid,2020,16+,6.5/10,61/100,0,1,0,1,0,0
3061,3189,I Am Cait,2015,16+,3.4/10,42/100,1,0,0,1,0,0
5304,5652,Kingdom of the White Wolf,2019,,8.1/10,37/100,0,0,1,1,1,0
829,832,100 Days My Prince,2018,16+,7.7/10,55/100,0,0,0,1,0,0
1442,1448,Emily's Wonder Lab,2020,all,8.6/10,44/100,0,0,0,1,0,0
3233,3365,Los Cowboys,2015,,8.8/10,31/100,1,0,0,1,1,0
4397,4697,Hey Qween,2018,,6.0/10,31/100,0,1,0,1,1,0
2809,2921,Siblings,2014,,7.1/10,50/100,1,0,0,1,1,0
158,159,I Am Not Okay with This,2020,18+,7.5/10,77/100,0,0,0,1,0,0
4146,4440,Popeye and Son,1987,all,5.7/10,39/100,0,1,0,1,0,0
4603,4914,Crew,1970,,,14/100,0,1,0,1,1,1
124,125,13 Reasons Why,2017,18+,7.6/10,79/100,0,0,0,1,0,0
2817,2929,Place to Place,2012,7+,6.7/10,50/100,1,0,0,1,0,0
170,171,Glee,2009,16+,6.7/10,76/100,0,1,0,1,0,0
4487,4789,State Parole,2008,,4.6/10,24/100,0,1,0,1,1,0
2915,3038,Fugget About It,2012,18+,6.0/10,47/100,1,0,0,1,0,0
3687,3917,Daniel Tiger's Neighborhood,2012,all,7.4/10,56/100,0,1,0,1,0,0
3392,3525,Magic Eye Shark Movie,2013,,,14/100,1,0,0,1,1,1
5166,5503,Jonas,2009,,4.7/10,53/100,0,0,1,1,1,0
4228,4524,Life on Fire,2010,,8.4/10,37/100,0,1,0,1,1,0
3237,3369,Destiny,2014,,7.6/10,31/100,1,0,0,1,1,0
5252,5596,Shark Attack Files,2021,16+,,45/100,0,0,1,1,0,1
4221,4517,Perfect Couple,2014,,8.2/10,37/100,0,1,0,1,1,0
5244,5588,Critter Fixers: Country Vets,2020,16+,9.0/10,46/100,0,0,1,1,0,0
3162,3293,Dreamland,2014,,5.1/10,37/100,1,0,0,1,1,0
4646,4962,Heart to Heart,2015,,,14/100,0,1,0,1,1,1
1741,1749,LEGO Friends: The Power of Friendship,2016,7+,6.0/10,36/100,0,0,0,1,0,0
5187,5527,Prop Culture,2020,7+,8.2/10,51/100,0,0,1,1,0,0
3312,3445,WildWoods,2017,,,19/100,1,0,0,1,1,1
4584,4894,I've Got a Secret,1961,,,16/100,0,1,0,1,1,1
3081,3210,Home Free,2015,all,7.2/10,40/100,1,0,0,1,0,0
4443,4744,Main courante,2012,,6.4/10,29/100,0,1,0,1,1,0
2577,2675,Storage Wars,2010,7+,6.3/10,57/100,1,1,0,1,0,0
3030,3157,Special Forces,2012,,9.0/10,43/100,1,1,0,1,1,0
1505,1511,Cupcake & Dino - General Services,2018,7+,7.8/10,42/100,0,0,0,1,0,0
2770,2882,Black Jesus,2014,18+,6.9/10,51/100,1,0,0,1,0,0
1872,1880,Lucky Days,2010,7+,7.0/10,30/100,0,0,0,1,0,0
4100,4390,Morganville: The series,2014,,5.7/10,40/100,0,1,0,1,1,0
1327,1331,The Break with Michelle Wolf,2018,18+,5.3/10,46/100,0,0,0,1,0,0
3156,3287,Future-Worm!,2016,7+,5.2/10,37/100,1,0,1,1,0,0
4050,4335,Nanny 911,2004,7+,5.4/10,42/100,0,1,0,1,0,0
1176,1179,Kid Cosmic,2021,7+,8.0/10,49/100,0,0,0,1,0,0
3561,3753,Vanity Fair,2018,7+,7.3/10,66/100,0,1,0,1,0,0
3426,3560,Earth From Above,2011,,,10/100,1,0,0,1,1,1
2909,3032,Caribbean Life,2014,all,6.9/10,47/100,1,0,0,1,0,0
2100,2137,Wayward Pines,2015,16+,7.4/10,75/100,1,0,0,1,0,0
1744,1752,The Unremarkable Juanquini,2020,,4.4/10,36/100,0,0,0,1,1,0
2373,2445,The Brady Bunch,1969,all,6.7/10,63/100,1,0,0,1,0,0
3680,3910,The Bernie Mac Show,2001,7+,7.0/10,56/100,0,1,0,1,0,0
4806,5125,The Wild Life,2014,,,10/100,0,1,0,1,1,1
2300,2362,Taken,2017,18+,6.6/10,66/100,1,0,0,1,0,0
572,575,Henry Danger,2014,all,5.7/10,61/100,0,0,0,1,0,0
3131,3262,Struggle Meals,2017,,,38/100,1,0,0,1,1,1
5040,5359,Our American Family,2012,,,10/100,0,1,0,1,1,1
491,494,The Hollow,2018,7+,7.2/10,63/100,0,0,0,1,0,0
192,193,The Order,2019,18+,6.8/10,74/100,0,0,0,1,0,0
4257,4553,Eat. Race. Win.,2018,,7.1/10,36/100,0,1,0,1,1,0
812,815,Reply 1997,2012,,8.1/10,56/100,0,0,0,1,1,0
531,534,The Magic School Bus,1994,all,7.8/10,62/100,0,0,0,1,0,0
2826,2940,Sherman's Showcase,2019,18+,6.4/10,50/100,1,0,0,1,0,0
843,846,Daniel Sloss: Live Shows,2018,18+,8.6/10,55/100,0,0,0,1,0,0
2979,3104,Genius Junior,2018,all,7.6/10,45/100,1,0,0,1,0,0
3544,3730,Informer,2018,18+,7.8/10,68/100,0,1,0,1,0,0
4617,4928,True Ghost Stories,2017,,,14/100,0,1,0,1,1,1
2843,2959,Cold Squad,1998,16+,7.0/10,49/100,1,0,0,1,0,0
3888,4158,Public Enemies,2012,,7.1/10,47/100,0,1,0,1,1,0
415,417,Dash & Lily,2020,7+,8.0/10,65/100,0,0,0,1,0,0
2500,2593,Space Dandy,2014,16+,8.1/10,59/100,1,0,0,1,0,0
463,465,Is It Wrong to Try to Pick Up Girls in a Dungeon?,2015,16+,7.4/10,64/100,1,0,0,1,0,0
541,544,The Heirs,2013,16+,7.5/10,62/100,0,0,0,1,0,0
1248,1251,Baewatch: Parental Guidance,2019,,,47/100,1,0,0,1,1,1
4194,4490,Small Business Revolution: Main Street,2016,,7.4/10,38/100,0,1,0,1,1,0
1906,1914,Beyond Stranger Things,2017,,,20/100,0,0,0,1,1,1
2301,2363,Harrow,2018,,7.6/10,66/100,1,0,0,1,1,0
3705,3938,A Very British Coup,1988,18+,8.3/10,55/100,0,1,0,1,0,0
5266,5611,Rogue Trip,2020,7+,7.2/10,43/100,0,0,1,1,0,0
1547,1553,Msameer,2011,,8.5/10,41/100,0,0,0,1,1,0
2154,2197,The Bold Type,2017,16+,7.9/10,72/100,1,0,0,1,0,0
244,245,Everything Sucks!,2018,16+,7.5/10,72/100,0,0,0,1,0,0
2399,2475,Horrible Histories,2009,7+,8.8/10,62/100,1,1,0,1,0,0
5013,5332,Drawing PS4 Spider-Man,2018,,,10/100,0,1,0,1,1,1
4405,4706,Gordon the Garden Gnome,2005,all,7.4/10,31/100,0,1,0,1,0,0
1123,1126,Filinta: An Ottoman Policeman,2014,16+,6.8/10,50/100,0,0,0,1,0,0
3840,4096,This Giant Beast That is the Global Economy,2019,16+,7.8/10,49/100,0,1,0,1,0,0
2088,2124,PEN15,2019,18+,8.0/10,76/100,1,0,0,1,0,0
1450,1456,Exhibit A,2019,18+,6.2/10,44/100,0,1,0,1,0,0
2178,2224,Mom,2013,16+,7.2/10,71/100,1,0,0,1,0,0
3158,3289,The Masked Dancer,2020,7+,4.1/10,37/100,1,0,0,1,0,0
3736,3975,A Cook's Tour,2002,16+,8.2/10,53/100,0,1,0,1,0,0
2624,2725,Plastic Memories,2015,16+,7.4/10,56/100,1,0,0,1,0,0
394,396,Stranger,2017,18+,8.6/10,66/100,0,0,0,1,0,0
1595,1601,Children of Adam,2020,18+,7.9/10,40/100,0,0,0,1,0,0
1706,1712,Fire Chasers,2017,,6.6/10,37/100,0,0,0,1,1,0
3541,3724,The Returned,2015,18+,7.1/10,68/100,0,1,0,1,0,0
4247,4543,Life in the Carolinas,2008,,8.0/10,36/100,0,1,0,1,1,0
4865,5184,The Most Ridiculous Things From The Walking Dead,2017,,,10/100,0,1,0,1,1,1
3701,3933,Dora the Explorer,2000,all,4.2/10,55/100,0,1,0,1,0,0
1499,1505,Apaches,2015,18+,7.0/10,43/100,0,0,0,1,0,0
5074,5398,Big Shot,2021,7+,7.5/10,71/100,0,0,1,1,0,0
347,349,White Gold,2017,18+,7.4/10,67/100,0,0,0,1,0,0
495,498,Wanted,2016,16+,7.7/10,63/100,0,0,0,1,0,0
5274,5620,Teacher's Pet,2000,all,6.3/10,42/100,0,0,1,1,0,0
2089,2125,My Mad Fat Diary,2013,16+,8.4/10,76/100,1,0,0,1,0,0
5289,5636,Wild Yellowstone,2015,,7.5/10,39/100,0,0,1,1,1,0
1596,1602,Nowhere Man,2019,18+,5.6/10,40/100,0,0,0,1,0,0
5321,5669,Ancient China from Above,2020,,7.3/10,35/100,0,0,1,1,1,0
4271,4567,Thelma's Gypsy Girls,2012,,6.6/10,36/100,0,1,0,1,1,0
3223,3355,Rudy Maxa's World,2008,all,7.2/10,33/100,1,0,0,1,0,0
218,219,Pokémon,1997,7+,7.5/10,73/100,1,1,0,1,0,0
517,520,Quicksand,2019,18+,7.5/10,63/100,0,0,0,1,0,0
5250,5594,Chip 'n' Dale: Park Life,2021,all,6.9/10,45/100,0,0,1,1,0,0
1749,1757,I Have a Script,2019,7+,,36/100,0,0,0,1,0,1
2846,2962,Alone: The Beast,2020,7+,5.8/10,49/100,1,0,0,1,0,0
4684,5000,America's Monsters,2013,,,13/100,0,1,0,1,1,1
2510,2604,Duck Dynasty,2012,7+,6.2/10,59/100,1,0,0,1,0,0
3766,4010,The Passing Bells,2014,7+,6.9/10,52/100,0,1,0,1,0,0
3831,4087,Bridget & Eamon,2016,16+,7.7/10,49/100,0,1,0,1,0,0
4053,4338,Very British Problems,2015,,7.2/10,42/100,0,1,0,1,1,0
5018,5337,Take On The World Conference 2017,2017,,,10/100,0,1,0,1,1,1
3456,3597,The Marvelous Mrs. Maisel,2017,18+,8.7/10,86/100,0,1,0,1,0,0
763,766,Vanished 46,2016,16+,8.4/10,57/100,0,0,0,1,0,0
3362,3495,Asia's Underworld,2012,,,14/100,1,1,0,1,1,1
2287,2346,High School DxD,2012,18+,7.6/10,67/100,1,0,0,1,0,0
2752,2859,Love Island Australia,2018,18+,5.5/10,52/100,1,0,0,1,0,0
3301,3434,Impact Wrestling,2006,,,21/100,1,0,0,1,1,1
2543,2639,Primeval: New World,2012,16+,6.6/10,58/100,1,0,0,1,0,0
1098,1101,Ad Vitam,2018,7+,6.5/10,50/100,0,0,0,1,0,0
3150,3281,Anderson Cooper 360°,2003,,4.9/10,38/100,1,0,0,1,1,0
4327,4626,Inside Jokes,2018,16+,7.3/10,34/100,0,1,0,1,0,0
1657,1663,Mighty Little Bheem: Kite Festival,2021,,8.5/10,39/100,0,0,0,1,1,0
1835,1843,Sleepless Society NYCTOPHOBIA,2019,,5.6/10,32/100,0,0,0,1,1,0
4750,5068,The War at Sea,2015,,,13/100,0,1,0,1,1,1
4483,4785,Scandalous Overtures,2014,,5.6/10,24/100,0,1,0,1,1,0
4797,5116,Mob Squad,2012,,,10/100,0,1,0,1,1,1
1746,1754,True Tunes,2019,all,8.0/10,36/100,0,0,0,1,0,0
1892,1900,Game Winning Hit,2009,,2.3/10,24/100,0,0,0,1,1,0
4366,4665,Gangster Empire: Rise of the Mob,2013,16+,5.6/10,32/100,0,1,0,1,0,0
3229,3361,Great Chocolate Showdown,2020,,6.6/10,32/100,1,0,0,1,1,0
428,430,The Disastrous Life of Saiki K.,2016,16+,8.3/10,65/100,0,0,0,1,0,0
4392,4692,Outsmarted,2017,,7.7/10,31/100,0,1,0,1,1,0
2507,2601,20/20,1978,,6.6/10,59/100,1,0,0,1,1,0
727,730,Mad for Each Other,2021,,7.9/10,58/100,0,0,0,1,1,0
3079,3207,Kidô senshi Gandamu: The Origin I - Aoi hitomi no kyasubaru,2015,,7.6/10,40/100,1,0,0,1,1,0
349,351,Reply 1988,2015,,9.1/10,67/100,0,0,0,1,1,0
2293,2354,Holey Moley,2019,7+,6.9/10,66/100,1,0,0,1,0,0
635,638,Tales of the City,2019,16+,7.4/10,60/100,0,0,0,1,0,0
1418,1424,Beyblade Burst Rise,2020,7+,6.5/10,44/100,0,0,0,1,0,0
1597,1603,Office Girls,2011,,6.9/10,40/100,0,0,0,1,1,0
3967,4245,Walking Through History,2013,,8.2/10,45/100,0,1,0,1,1,0
3735,3974,Moby Dick,1998,7+,6.5/10,53/100,0,1,0,1,0,0
4825,5144,I Pranked My Parents,2014,,,10/100,0,1,0,1,1,1
1087,1090,Designated Survivor: 60 Days,2019,,8.1/10,51/100,0,0,0,1,1,0
378,380,Wet Hot American Summer: First Day of Camp,2015,16+,7.4/10,67/100,0,0,0,1,0,0
3791,4041,Leo the Wildlife Ranger,2015,,6.8/10,51/100,0,1,0,1,1,0
3230,3362,Utawarerumono: The False Faces,2015,16+,6.8/10,32/100,1,0,0,1,0,0
242,243,Babylon Berlin,2017,18+,8.4/10,72/100,0,0,0,1,0,0
483,486,Losers,2019,,7.7/10,63/100,0,0,0,1,1,0
2359,2429,Sense and Sensibility,2008,16+,8.0/10,64/100,1,1,0,1,0,0
1771,1779,Bangkok Love Stories 2: Plead,2019,,7.1/10,35/100,0,0,0,1,1,0
3412,3546,Out of Office with Brent Rose,2015,,,13/100,1,1,0,1,1,1
651,654,Kath & Kim,2002,7+,8.3/10,60/100,0,0,0,1,0,0
4581,4891,Tomorrow's World,1995,,,16/100,0,1,0,1,1,1
799,802,Wakfu,2008,7+,8.2/10,56/100,0,0,0,1,0,0
4884,5203,Learning Shapes and Colours in Creative Lesson - Education Video for Children,2018,,,10/100,0,1,0,1,1,1
2152,2195,Ugly Betty,2006,7+,6.5/10,72/100,1,0,0,1,0,0
1752,1760,Harvey Street Kids,2018,7+,6.6/10,36/100,0,0,0,1,0,0
2272,2330,Overlord,2015,18+,7.8/10,67/100,1,0,0,1,0,0
562,565,Vagabond,2019,,8.3/10,62/100,0,0,0,1,1,0
994,997,Zumbo's Just Desserts,2016,7+,6.9/10,52/100,0,0,0,1,0,0
1533,1539,Alphablocks,2010,all,7.8/10,42/100,0,0,0,1,0,0
1003,1006,The Haunted Hathaways,2013,all,5.3/10,52/100,0,0,0,1,0,0
2958,3083,Part of Me,2014,16+,8.4/10,45/100,1,0,0,1,0,0
3842,4098,Strange Empire,2014,16+,6.4/10,49/100,0,1,0,1,0,0
3503,3668,Clarkson's Farm,2021,7+,9.2/10,76/100,0,1,0,1,0,0
2417,2497,24: Legacy,2017,16+,6.2/10,62/100,1,0,0,1,0,0
2966,3091,Alguien Te Mira,2010,7+,7.4/10,45/100,1,0,0,1,0,0
5089,5416,The Avengers: Earth's Mightiest Heroes,2010,7+,8.3/10,65/100,0,0,1,1,0,0
461,463,Maid Sama!,2010,16+,8.0/10,64/100,1,0,0,1,0,0
4287,4584,Big Easy Motors,2016,7+,6.5/10,35/100,0,1,0,1,0,0
4952,5271,Mu Guiying Takes Command,2012,,,10/100,0,1,0,1,1,1
314,316,The Serpent,2021,,7.6/10,69/100,0,0,0,1,1,0
4980,5299,Trains,2016,,,10/100,0,1,0,1,1,1
1569,1575,A Year In Space,2016,,7.4/10,41/100,0,1,0,1,1,0
675,678,The Final Table,2018,all,7.7/10,59/100,0,0,0,1,0,0
2016,2043,Superstore,2015,16+,7.8/10,81/100,1,0,0,1,0,0
3403,3537,Dates (US),2015,,,13/100,1,0,0,1,1,1
1285,1288,72 Dangerous Animals: Latin America,2017,16+,6.6/10,47/100,0,0,0,1,0,0
1855,1863,High Risk,2011,,,31/100,0,1,0,1,1,1
5262,5607,Primal Survivor,2016,,8.3/10,44/100,0,0,1,1,1,0
3771,4017,Harmony with A R Rahman,2018,,9.2/10,52/100,0,1,0,1,1,0
552,555,She,2020,18+,6.5/10,62/100,0,0,0,1,0,0
2676,2780,ID: INVADED,2020,18+,7.7/10,54/100,1,0,0,1,0,0
4805,5124,Board AF,2016,,,10/100,0,1,0,1,1,1
530,533,Occupied,2015,16+,7.7/10,62/100,0,0,0,1,0,0
3601,3805,Grounded for Life,2001,16+,7.4/10,62/100,0,1,0,1,0,0
2620,2721,Digimon Tamers,2001,7+,7.7/10,56/100,1,0,0,1,0,0
878,881,Falsa Identidad,2018,16+,7.1/10,54/100,0,0,0,1,0,0
4379,4679,Crime Inc,2010,,6.5/10,32/100,0,1,0,1,1,0
1261,1264,StarBeam,2020,all,6.9/10,47/100,0,0,0,1,0,0
3053,3181,Basilisk,2005,18+,4.8/10,42/100,1,0,0,1,0,0
5209,5550,Marvel's Hero Project,2019,7+,6.1/10,49/100,0,0,1,1,0,0
2888,3009,Uncle Grandpa,2013,7+,4.3/10,48/100,1,0,0,1,0,0
1691,1697,Single Ladies Senior,2018,,,38/100,0,0,0,1,1,1
117,118,Chilling Adventures of Sabrina,2018,16+,7.5/10,80/100,0,0,0,1,0,0
528,531,Fast & Furious Spy Racers,2019,7+,5.5/10,62/100,0,0,0,1,0,0
716,719,Elize Matsunaga: Once Upon a Crime,2021,18+,5.8/10,58/100,0,0,0,1,0,0
4211,4507,Wishenpoof!,2015,all,5.0/10,37/100,0,1,0,1,0,0
1085,1088,Floor is Lava,2020,all,5.3/10,51/100,0,0,0,1,0,0
4227,4523,Creative Galaxy,2013,all,5.0/10,37/100,0,1,0,1,0,0
2527,2623,Kenan,2021,7+,5.6/10,58/100,1,0,0,1,0,0
3476,3630,Animal Kingdom,2016,18+,8.2/10,80/100,0,1,0,1,0,0
3876,4144,Valemont,2009,7+,5.3/10,47/100,0,1,0,1,0,0
520,523,The Mantis,2017,,7.4/10,63/100,0,0,0,1,1,0
751,754,America's Book of Secrets,2012,7+,6.8/10,57/100,1,0,0,1,0,0
2772,2884,ItaKiss,2008,16+,7.4/10,51/100,1,0,0,1,0,0
965,968,The Mr. Peabody & Sherman Show,2015,7+,5.8/10,53/100,0,0,0,1,0,0
2162,2206,Bunheads,2012,16+,7.6/10,72/100,1,0,0,1,0,0
4920,5239,Car Patrol of Car City,2017,,,10/100,0,1,0,1,1,1
5171,5509,Puppy Dog Pals,2017,all,7.0/10,53/100,0,0,1,1,0,0
5181,5521,Sydney to the Max,2019,all,6.3/10,52/100,0,0,1,1,0,0
556,559,Durarara!!,2010,16+,7.9/10,62/100,1,0,0,1,0,0
2184,2233,Solar Opposites,2020,18+,8.0/10,70/100,1,0,0,1,0,0
5150,5483,Spider-Man and His Amazing Friends,1981,7+,7.2/10,56/100,0,0,1,1,0,0
3986,4267,All or Nothing: Brazil National Team,2020,16+,7.2/10,44/100,0,1,0,1,0,0
3245,3377,Top 30,2017,,6.2/10,30/100,1,0,0,1,1,0
4573,4882,Ancient Civilizations of North America,2008,,,16/100,0,1,0,1,1,1
4694,5010,The Ridge: Origins,2016,,,13/100,0,1,0,1,1,1
543,546,Alexa & Katie,2018,all,7.5/10,62/100,0,0,0,1,0,0
3518,3688,The Underground Railroad,2021,18+,7.3/10,72/100,0,1,0,1,0,0
3537,3719,The Durrells,2016,7+,8.2/10,69/100,0,1,0,1,0,0
4156,4451,Inside the Mind of a Serial Killer,2015,,,38/100,0,1,0,1,1,1
3925,4200,Do You Love Your Mom and Her Two-Hit Multi-Target Attacks?,2019,16+,5.1/10,46/100,0,1,0,1,0,0
1051,1054,Rookie Historian Goo Hae-Ryung,2019,,8.2/10,51/100,0,0,0,1,1,0
4190,4486,Extreme Forensics,2008,,7.9/10,38/100,0,1,0,1,1,0
1828,1836,Ponysitters Club,2018,all,7.1/10,33/100,0,0,0,1,0,0
4273,4569,Baby Talk,1991,all,4.1/10,36/100,0,1,0,1,0,0
2839,2954,The Wallflower,2006,16+,7.4/10,49/100,1,0,0,1,0,0
282,284,The Circle,2020,18+,7.3/10,70/100,0,1,0,1,0,0
2030,2061,Desperate Housewives,2004,7+,7.5/10,79/100,1,0,0,1,0,0
1833,1841,Kongsuni and Friends,2017,,4.4/10,32/100,0,0,0,1,1,0
3242,3374,La Diosa Coronada,2010,7+,7.3/10,31/100,1,0,0,1,0,0
1362,1366,Miss in Kiss,2016,,7.6/10,45/100,0,0,0,1,1,0
5056,5375,Lego Set Builds Chima - Artifex,2017,,,10/100,0,1,0,1,1,1
3370,3503,The 76th Annual Golden Globe Awards,2019,,,14/100,1,0,0,1,1,1
3820,4074,Becoming Human,2011,16+,7.4/10,50/100,0,1,0,1,0,0
3844,4102,Cybersix,1999,16+,7.8/10,49/100,0,1,0,1,0,0
578,581,Total Drama Island,2007,7+,7.2/10,61/100,0,0,0,1,0,0
1399,1404,Historical Roasts,2019,18+,5.3/10,44/100,0,0,0,1,0,0
4413,4714,War in the Pacific,2017,,5.9/10,30/100,0,1,0,1,1,0
3497,3659,SpongeBob SquarePants,1999,7+,8.2/10,77/100,0,1,0,1,0,0
4512,4815,La Usurpadora,2019,,,20/100,0,1,0,1,1,1
2194,2243,Battlestar Galactica,1978,7+,7.2/10,70/100,1,0,0,1,0,0
1669,1675,"Noddy, Toyland Detective",2016,all,6.2/10,39/100,0,0,0,1,0,0
4234,4530,Chillers,1990,,6.7/10,36/100,0,1,0,1,1,0
4834,5153,Flannery's Porch,2016,,,10/100,0,1,0,1,1,1
3901,4173,Deal or No Deal,2005,7+,5.0/10,47/100,0,1,0,1,0,0
1393,1398,Sugar Rush Christmas,2019,,6.9/10,45/100,0,0,0,1,1,0
1180,1183,Wild Catch / Chasing Monsters,2016,7+,7.4/10,49/100,0,0,0,1,0,0
1540,1546,The Many Faces of Ito,2017,,6.4/10,42/100,0,0,0,1,1,0
269,270,Sword Art Online,2012,18+,7.6/10,71/100,1,0,0,1,0,0
817,820,Blood & Water,2020,18+,6.4/10,56/100,0,0,0,1,0,0
472,474,Requiem,2018,18+,6.5/10,64/100,0,0,0,1,0,0
4911,5230,Planet Wild,2007,,,10/100,0,1,0,1,1,1
1197,1200,Atelier,2015,16+,7.2/10,48/100,0,0,0,1,0,0
2193,2242,For Life,2020,16+,7.6/10,70/100,1,0,0,1,0,0
4615,4926,Backcountry Fly Fishing,2014,,,14/100,0,1,0,1,1,1
636,639,Disjointed,2017,18+,6.8/10,60/100,0,0,0,1,0,0
420,422,Trial by Media,2020,16+,7.2/10,65/100,0,0,0,1,0,0
2550,2646,Alone Together,2018,16+,6.5/10,58/100,1,0,0,1,0,0
3192,3323,For & Against,2012,,,35/100,1,0,0,1,1,1
245,246,Evil Genius,2018,18+,7.5/10,72/100,0,0,0,1,0,0
1458,1464,Hidden Worlds,2018,all,7.2/10,43/100,0,0,0,1,0,0
1484,1490,Go! Go! Cory Carson,2020,all,8.1/10,43/100,0,0,0,1,0,0
1410,1415,Bread Barbershop,2020,,8.8/10,44/100,0,0,0,1,1,0
4303,4601,Beat the Clock,1979,,6.8/10,35/100,0,1,0,1,1,0
4716,5032,Minecraft Life,2017,,,13/100,0,1,0,1,1,1
4065,4351,Crime Stories,1999,,7.3/10,41/100,0,1,0,1,1,0
3631,3846,A French Village,2009,,8.4/10,60/100,0,1,0,1,1,0
3641,3861,Frontline,1983,18+,8.6/10,59/100,0,1,0,1,0,0
2447,2533,Felicity,1998,16+,6.8/10,60/100,1,0,0,1,0,0
4749,5067,Local Hauntings,2018,,,13/100,0,1,0,1,1,1
253,254,Kuroko's Basketball,2012,,8.3/10,72/100,0,0,0,1,1,0
1095,1098,The Wiggles,1998,all,5.9/10,50/100,0,0,0,1,0,0
5246,5590,Origins: The Journey of Humankind,2017,,6.8/10,46/100,0,0,1,1,1,0
3289,3422,In the Giggle Park,2014,,,23/100,1,0,0,1,1,1
4324,4623,Elders React,2012,,5.8/10,34/100,0,1,0,1,1,0
4518,4822,Breaking Homicide,2018,,,19/100,0,1,0,1,1,1
388,390,Tidelands,2018,18+,7.0/10,66/100,0,0,0,1,0,0
2952,3077,Kono Yuusha ga Ore Tueee Kuse ni Shinchou Sugiru,2019,16+,7.4/10,45/100,1,0,0,1,0,0
2799,2911,The Driver,2014,16+,7.0/10,51/100,1,0,0,1,0,0
4018,4301,Wildest Islands,2012,,8.2/10,43/100,0,1,0,1,1,0
3896,4168,The Cyanide & Happiness Show,2014,18+,8.0/10,47/100,0,1,0,1,0,0
3428,3562,Epic Conversations,2016,,,10/100,1,0,0,1,1,1
5173,5512,I Didn't Do It,2014,all,6.0/10,52/100,0,0,1,1,0,0
1721,1728,Journey of an African Colony,2020,,,37/100,0,0,0,1,1,1
728,731,Typewriter,2019,18+,6.5/10,57/100,0,0,0,1,0,0
624,627,Magi,2012,16+,7.8/10,60/100,1,0,0,1,0,0
2124,2162,Nip/Tuck,2003,18+,7.6/10,74/100,1,0,0,1,0,0
1536,1542,We Speak Dance,2018,7+,7.6/10,42/100,0,0,0,1,0,0
899,902,Surviving Escobar - Alias JJ,2017,18+,7.9/10,54/100,0,0,0,1,0,0
500,503,The Mire,2018,18+,6.9/10,63/100,0,0,0,1,0,0
726,729,My Babysitter's a Vampire,2011,7+,7.1/10,58/100,0,0,0,1,0,0
4140,4434,For the Love of Jason,2020,18+,7.2/10,39/100,0,1,0,1,0,0
3075,3203,To LOVEる -とらぶる- ダークネス2nd,2012,16+,7.2/10,41/100,1,0,0,1,0,0
1050,1053,Einsatzgruppen: The Nazi Death Squads,2009,,7.6/10,51/100,0,0,0,1,1,0
2889,3010,Behind Bars: Rookie Year,2015,16+,7.8/10,48/100,1,0,0,1,0,0
195,196,Dirty Money,2018,16+,8.1/10,74/100,0,0,0,1,0,0
95,96,Halt and Catch Fire,2014,16+,8.4/10,81/100,0,0,0,1,0,0
2615,2716,Paradox,2009,16+,7.0/10,56/100,1,1,0,1,0,0
3515,3685,The Wilds,2020,16+,7.3/10,72/100,0,1,0,1,0,0
4898,5217,Bogus Beauty,2017,,,10/100,0,1,0,1,1,1
4714,5030,Tried + True,2017,,,13/100,0,1,0,1,1,1
558,561,Hostages,2013,16+,6.7/10,62/100,0,0,0,1,0,0
3018,3145,Big Block SingSong,2012,all,,43/100,1,0,0,1,0,1
1224,1227,The Kirlian Frequency,2019,7+,7.6/10,48/100,0,0,0,1,0,0
4292,4589,Foxy Ladies,2016,,6.1/10,35/100,0,1,0,1,1,0
2450,2537,The Guardian,2001,7+,7.4/10,60/100,1,1,0,1,0,0
4042,4326,Mars Rising,2007,7+,8.0/10,42/100,0,1,0,1,0,0
3173,3304,Dinner with Dad,2017,,,36/100,1,0,0,1,1,1
1761,1769,Chip and Potato,2018,all,6.2/10,36/100,0,0,0,1,0,0
1573,1579,Dave Chappelle: Equanimity & The Bird Revelation,2017,,,41/100,0,0,0,1,1,1
1750,1758,Little Baby Bum: Nursery Rhyme Friends,2016,all,6.7/10,36/100,0,0,0,1,0,0
4788,5107,Pinkfong! Bedtime Lullabies,2015,,,10/100,0,1,0,1,1,1
507,510,Man with a Plan,2016,7+,7.0/10,63/100,0,0,0,1,0,0
3838,4094,The Delivery Man,2015,16+,7.2/10,49/100,0,1,0,1,0,0
4596,4907,Focal Point,2019,,,16/100,0,1,0,1,1,1
3989,4271,The Adventures of Maya the Honey Bee,1975,all,6.7/10,44/100,0,1,0,1,0,0
1370,1374,Dragons: Rescue Riders,2019,7+,6.1/10,45/100,0,0,0,1,0,0
470,472,Signal,2016,,8.6/10,64/100,0,0,0,1,1,0
4237,4533,Billion Dollar Wreck,2016,7+,4.7/10,36/100,0,1,0,1,0,0
3583,3783,Doctor Thorne,2016,16+,7.3/10,64/100,0,1,0,1,0,0
5213,5554,My Friends Tigger & Pooh,2007,all,5.7/10,48/100,0,0,1,1,0,0
3954,4231,The Legend of William Tell,1998,,7.2/10,45/100,0,1,0,1,1,0
1022,1025,Love Alarm,2019,,6.8/10,52/100,0,0,0,1,1,0
9,10,The Queen's Gambit,2020,18+,8.6/10,92/100,0,0,0,1,0,0
3324,3457,The Oscars,1995,,,18/100,1,0,0,1,1,1
3022,3149,My Super Sweet 16,2005,7+,1.8/10,43/100,1,0,0,1,0,0
5046,5365,Tales To Get Scared To,2016,,,10/100,0,1,0,1,1,1
4866,5185,An Egg's Guide to Minecraft,2012,,,10/100,0,1,0,1,1,1
34,35,The Vampire Diaries,2009,16+,7.7/10,86/100,0,0,0,1,0,0
1270,1273,Rainbow High,2020,,6.0/10,47/100,0,0,0,1,1,0
2012,2037,DAVE,2020,18+,8.3/10,82/100,1,0,0,1,0,0
285,287,Transformers: War for Cybertron: Siege,2020,16+,7.4/10,70/100,0,0,0,1,0,0
5308,5656,Walk the Prank,2016,7+,4.0/10,37/100,0,0,1,1,0,0
5145,5478,American Dragon: Jake Long,2005,all,6.6/10,56/100,0,0,1,1,0,0
481,484,The Curse of Oak Island,2014,7+,7.0/10,64/100,1,0,0,1,0,0
3120,3251,Special 7: Special Crime Investigation Unit,2019,,6.4/10,39/100,1,0,0,1,1,0
2318,2380,Breakout Kings,2011,16+,7.3/10,65/100,1,0,0,1,0,0
5297,5644,Marvel Funko Shorts,2016,all,,38/100,0,0,1,1,0,1
942,945,Argos Comunicación,2017,18+,7.2/10,53/100,0,0,0,1,0,0
565,568,Unsolved Mysteries,1987,7+,8.2/10,61/100,1,1,0,1,0,0
1615,1621,Eugenie Nights - ليالي أوجيني,2018,16+,7.4/10,40/100,0,0,0,1,0,0
104,105,Star Trek: Deep Space Nine,1993,7+,8.0/10,80/100,1,1,0,1,0,0
188,189,F is for Family,2015,18+,8.0/10,74/100,0,0,0,1,0,0
4015,4298,Mata Hari,2017,,6.2/10,43/100,0,1,0,1,1,0
2938,3061,Living With Fran,2005,,5.9/10,46/100,1,0,0,1,1,0
599,602,America's Next Top Model,2003,7+,5.5/10,61/100,1,1,0,1,0,0
4916,5235,The Lazy Chef,2011,,,10/100,0,1,0,1,1,1
4391,4691,Napoleon Hill's Master Key,1993,,6.8/10,31/100,0,1,0,1,1,0
1875,1883,Word Party Songs,2020,,3.2/10,30/100,0,0,0,1,1,0
649,652,Attenborough's Life in Colour,2021,7+,8.3/10,60/100,0,0,0,1,0,0
1358,1362,The Fix,2018,18+,7.1/10,45/100,0,0,0,1,0,0
2722,2827,Accel World,2012,16+,7.1/10,53/100,1,0,0,1,0,0
3772,4018,You Are Wanted,2017,7+,6.0/10,52/100,0,1,0,1,0,0
4453,4755,Death Unexplained,2012,,7.4/10,28/100,0,1,0,1,1,0
2017,2044,Lie to Me,2009,16+,8.0/10,81/100,1,0,0,1,0,0
1326,1329,Minecraft: Story Mode,2018,7+,5.7/10,46/100,0,0,0,1,0,0
538,541,Trese,2021,18+,7.1/10,62/100,0,0,0,1,0,0
1172,1175,Black Ink Crew New York,2013,16+,4.6/10,49/100,1,0,0,1,0,0
1979,1997,Adventure Time,2010,7+,8.6/10,86/100,1,0,0,1,0,0
383,385,The Chalet,2018,18+,7.0/10,67/100,0,0,0,1,0,0
1282,1285,All For Love,2020,7+,7.0/10,47/100,0,0,0,1,0,0
1196,1199,Trolls: The Beat Goes On!,2018,all,5.9/10,48/100,0,0,0,1,0,0
1343,1347,Worn Stories,2021,,6.6/10,45/100,0,0,0,1,1,0
2224,2276,I Am the Night,2019,18+,7.0/10,69/100,1,0,0,1,0,0
4468,4770,Talking Tom and Friends Minis,2016,all,7.6/10,26/100,0,1,0,1,0,0
2940,3063,Cake,2019,18+,6.2/10,46/100,1,0,0,1,0,0
2523,2619,Son of Zorn,2016,16+,6.8/10,58/100,1,0,0,1,0,0
1515,1521,72 Cutest Animals,2016,,5.8/10,42/100,0,0,0,1,1,0
3340,3473,Eating Your Feed,2018,,,17/100,1,1,0,1,1,1
5265,5610,Year Million,2017,16+,7.4/10,43/100,0,0,1,1,0,0
2729,2834,Young Hercules,1998,7+,5.8/10,53/100,1,0,0,1,0,0
639,642,Wanderlust,2018,16+,7.1/10,60/100,0,0,0,1,0,0
2625,2726,Love It or List It,2008,all,6.3/10,56/100,1,0,0,1,0,0
3135,3266,WWE Superstars,2009,7+,5.8/10,38/100,1,0,0,1,0,0
3616,3827,Totally Spies!,2001,7+,7.0/10,61/100,0,1,0,1,0,0
4564,4872,Adam & Eve,2016,,,17/100,0,1,0,1,1,1
4168,4463,Sneg i pepel,2015,,6.2/10,38/100,0,1,0,1,1,0
2141,2182,Roseanne,1988,7+,7.0/10,73/100,1,1,0,1,0,0
271,273,Frontier,2016,18+,7.2/10,71/100,0,0,0,1,0,0
4848,5167,Socially Awkward,2017,,,10/100,0,1,0,1,1,1
2749,2855,Devil May Care,2021,18+,6.0/10,52/100,1,0,0,1,0,0
2984,3110,Trolls: TrollsTopia,2020,7+,7.1/10,45/100,1,0,0,1,0,0
3750,3992,The Forgotten Army - Azaadi ke liye,2020,18+,8.1/10,53/100,0,1,0,1,0,0
3907,4179,Street Fighter: Resurrection,2016,16+,6.5/10,46/100,0,1,0,1,0,0
1643,1649,Rainbow Ruby,2016,all,6.6/10,39/100,0,0,0,1,0,0
5039,5358,Flood,2008,,,10/100,0,1,0,1,1,1
1969,1983,The X-Files,1993,18+,8.6/10,87/100,1,0,0,1,0,0
1819,1827,"Crazy, Lovely, Cool",2018,,7.8/10,33/100,0,0,0,1,1,0
3961,4239,Ivanhoe,1997,7+,7.4/10,45/100,0,1,0,1,0,0
3376,3509,ESL: Replay,2017,,,14/100,1,0,0,1,1,1
261,262,Dynasty,2017,16+,7.3/10,71/100,0,0,0,1,0,0
2255,2311,"McCartney 3,2,1",2021,,9.0/10,68/100,1,0,0,1,1,0
2920,3043,"Golan, The Insatiable",2013,16+,6.9/10,47/100,1,0,0,1,0,0
1520,1526,Westside,2018,16+,6.2/10,42/100,0,1,0,1,0,0
440,442,Sinatra: All or Nothing at All,2015,7+,8.0/10,65/100,0,0,0,1,0,0
4363,4662,Mix Master,2011,,7.9/10,33/100,0,1,0,1,1,0
2182,2230,Impractical Jokers,2011,16+,8.6/10,71/100,1,0,0,1,0,0
619,622,Another Life,2019,18+,5.0/10,60/100,0,0,0,1,0,0
3965,4243,100 Years of Horror,1996,,7.2/10,45/100,0,1,0,1,1,0
3490,3650,Carnival Row,2019,18+,7.9/10,78/100,0,1,0,1,0,0
3639,3858,Mr. Bean: The Animated Series,2002,all,6.9/10,59/100,0,1,0,1,0,0
1687,1693,The Crime,2015,,6.2/10,38/100,0,0,0,1,1,0
2303,2365,Catfish: The TV Show,2012,16+,7.1/10,66/100,1,0,0,1,0,0
1075,1078,Connected,2020,,7.5/10,51/100,0,0,0,1,1,0
3931,4206,Shaktimaan,1997,,8.2/10,46/100,0,1,0,1,1,0
4410,4711,The Source Series,2014,,7.3/10,30/100,0,1,0,1,1,0
4472,4774,Rev & Roll,2019,,3.8/10,26/100,0,1,0,1,1,0
5076,5400,Phineas and Ferb,2007,all,8.0/10,71/100,0,0,1,1,0,0
3949,4226,Love and Lies,2017,16+,6.1/10,45/100,0,1,0,1,0,0
1246,1249,Nadiya's Time to Eat,2019,,7.4/10,47/100,0,0,0,1,1,0
3951,4228,HBO Comedy Half-Hour,1994,7+,8.0/10,45/100,0,1,0,1,0,0
729,732,Sonic X,2003,16+,6.2/10,57/100,1,1,0,1,0,0
4869,5188,The Best Markets On Earth,2017,,,10/100,0,1,0,1,1,1
173,174,Lilyhammer,2012,18+,8.0/10,76/100,0,0,0,1,0,0
4635,4949,Woodwalkers,2017,,,14/100,0,1,0,1,1,1
371,373,The Challenge,1998,16+,7.7/10,67/100,1,1,0,1,0,0
2709,2814,Witchblade,2006,18+,7.1/10,53/100,1,0,0,1,0,0
5130,5463,Kickin' It,2011,all,6.5/10,58/100,0,0,1,1,0,0
1471,1477,Abla Fahita: Drama Queen,2021,,6.6/10,43/100,0,0,0,1,1,0
4908,5227,Review: Disney Toy Review,2017,,,10/100,0,1,0,1,1,1
2982,3107,VanDread,2000,16+,7.1/10,45/100,1,0,0,1,0,0
628,631,V Wars,2019,18+,6.1/10,60/100,0,0,0,1,0,0
410,412,The King: Eternal Monarch,2020,16+,8.3/10,66/100,0,0,0,1,0,0
346,348,Firefly Lane,2021,18+,7.4/10,67/100,0,0,0,1,0,0
4138,4432,The Johnny Carson Show,1955,,,39/100,0,1,0,1,1,1
883,886,Carmel: Who Killed Maria Marta?,2020,,7.1/10,54/100,0,0,0,1,1,0
1065,1068,"Nicky, Ricky, Dicky & Dawn",2014,all,5.2/10,51/100,0,0,0,1,0,0
3864,4131,The Mill,2013,,7.5/10,48/100,0,1,0,1,1,0
3433,3567,Because of an Earlier Incident,2012,,,10/100,1,0,0,1,1,1
4045,4329,Atlantis High,2001,all,7.9/10,42/100,0,1,0,1,0,0
906,909,Unit 42,2017,7+,7.0/10,54/100,0,0,0,1,0,0
1084,1087,The Victims' Game,2020,18+,7.4/10,51/100,0,0,0,1,0,0
2229,2282,Underground,2016,18+,7.8/10,69/100,1,1,0,1,0,0
4506,4809,Room to Improve,2012,,,20/100,0,1,0,1,1,1
4918,5237,Fishstick & Honeybear,2014,,,10/100,0,1,0,1,1,1
1419,1425,Keeping Up with the Joneses,2010,7+,8.8/10,44/100,0,0,0,1,0,0
2060,2093,Castle Rock,2018,18+,7.6/10,77/100,1,0,0,1,0,0
4219,4515,Great Family Adventures,2011,,,37/100,0,1,0,1,1,1
3132,3263,Zorro the Chronicles,2015,all,7.3/10,38/100,1,0,0,1,0,0
2066,2099,Timeless,2016,7+,7.7/10,77/100,1,0,0,1,0,0
5034,5353,Can I Catch It,2018,,,10/100,0,1,0,1,1,1
771,774,Dragons: Race to the Edge,2015,7+,8.3/10,57/100,0,0,0,1,0,0
4631,4945,"Myths, Magic & Monsters",2007,,,14/100,0,1,0,1,1,1
4948,5267,World War I,2014,,,10/100,0,1,0,1,1,1
4813,5132,The Story of Furong,2015,,,10/100,0,1,0,1,1,1
220,221,Madam Secretary,2014,16+,7.6/10,73/100,0,0,0,1,0,0
3534,3715,Them,2021,,7.3/10,69/100,0,1,0,1,1,0
3900,4172,Enemy at the Door,1978,,7.9/10,47/100,0,1,0,1,1,0
2623,2724,Tyler Perry's If Loving You Is Wrong,2014,16+,5.8/10,56/100,1,0,0,1,0,0
4115,4408,Barbie Dreamtopia,2017,all,6.1/10,40/100,0,1,0,1,0,0
3897,4169,Welcome to the Ballroom,2017,16+,7.8/10,47/100,0,1,0,1,0,0
3646,3867,Indian Summers,2015,7+,7.3/10,59/100,0,1,0,1,0,0
4995,5314,Cream,2017,,,10/100,0,1,0,1,1,1
45,46,Schitt's Creek,2015,16+,8.5/10,86/100,0,0,0,1,0,0
1298,1301,Pitta Kathalu,2021,,5.0/10,46/100,0,0,0,1,1,0
87,88,Dead to Me,2019,18+,8.0/10,82/100,0,0,0,1,0,0
4531,4835,Angels,2017,,,18/100,0,1,0,1,1,1
5339,5687,Wild Chile,2018,7+,7.5/10,30/100,0,0,1,1,0,0
479,481,Save Me,2018,16+,7.7/10,64/100,0,0,0,1,0,0
3829,4084,Celebrity Ghost Stories,2009,7+,7.1/10,49/100,0,1,0,1,0,0
3042,3170,Who Killed Jeffrey Epstein?,2020,,6.3/10,42/100,1,0,0,1,1,0
4139,4433,Wildest Indochina,2014,,8.4/10,39/100,0,1,0,1,1,0
2070,2105,Please Like Me,2013,18+,8.5/10,77/100,1,0,0,1,0,0
3161,3292,Mix: Meisei Story,2019,7+,7.5/10,37/100,1,0,0,1,0,0
2453,2540,Dharma & Greg,1997,16+,6.3/10,60/100,1,0,0,1,0,0
4597,4908,"Mysteries, Magic and Miracles",1994,,,14/100,0,1,0,1,1,1
4160,4455,Road Side Stories,2016,,,38/100,0,1,0,1,1,1
1939,1949,My Little Baby,2016,,,13/100,0,0,0,1,1,1
1718,1724,When I See You Again,2015,,7.1/10,37/100,0,0,0,1,1,0
2744,2849,Astra Lost in Space,2019,16+,8.1/10,53/100,1,0,0,1,0,0
162,163,Travelers,2016,16+,8.1/10,77/100,0,0,0,1,0,0
3369,3502,Caption Contest,2017,,,14/100,1,0,0,1,1,1
4431,4732,Mario Lopez: Saved By the Baby,2010,,5.5/10,29/100,0,1,0,1,1,0
985,988,Sisters,2017,,7.5/10,52/100,0,0,0,1,1,0
1069,1072,Secret Agent Selection: WW2,2018,,7.7/10,51/100,0,0,0,1,1,0
4164,4459,The Aces' War,2018,,6.9/10,38/100,0,1,0,1,1,0
2382,2457,The Tonight Show Starring Jimmy Fallon,2014,16+,7.2/10,63/100,1,0,0,1,0,0
1837,1845,ARASHI's Diary -Voyage-,2019,,7.4/10,32/100,0,0,0,1,1,0
3019,3146,Nabari no Ou,2008,16+,6.5/10,43/100,1,0,0,1,0,0
4967,5286,From the Test Kitchen,2017,,,10/100,0,1,0,1,1,1
1702,1708,J-Style Trip,2020,16+,5.4/10,37/100,0,0,0,1,0,0
1109,1112,Scare Tactics,2003,16+,6.7/10,50/100,0,0,0,1,0,0
2586,2685,Sasquatch,2021,18+,6.2/10,57/100,1,0,0,1,0,0
5287,5634,Prairie Dog Manor,2019,,7.8/10,39/100,0,0,1,1,1,0
2592,2692,Sonic Boom,2014,7+,6.9/10,57/100,1,0,0,1,0,0
2137,2177,Salem,2014,18+,7.2/10,73/100,1,0,0,1,0,0
3944,4220,Samurai Girls,2010,18+,6.5/10,45/100,0,1,0,1,0,0
3600,3804,Guilt,2016,16+,6.0/10,62/100,0,1,0,1,0,0
4179,4475,Jestination Unknown,2019,16+,6.1/10,38/100,0,1,0,1,0,0
976,979,Bloodride,2020,18+,6.4/10,52/100,0,0,0,1,0,0
1666,1672,Skin Decision: Before and After,2020,,5.8/10,39/100,0,0,0,1,1,0
3769,4014,The Hunger,1997,18+,6.3/10,52/100,0,1,0,1,0,0
4395,4695,Steps to the Future,2010,,,31/100,0,1,0,1,1,1
135,136,Dark Matter,2015,18+,7.5/10,78/100,0,1,0,1,0,0
2923,3046,No Guns Life,2019,16+,6.8/10,46/100,1,0,0,1,0,0
3938,4214,Baby u,2011,,,45/100,0,1,0,1,1,1
4858,5177,How2: How to do Amazing Things! (with Annoying Orange & Pear!),2016,,,10/100,0,1,0,1,1,1
3648,3869,Inside Men,2012,16+,7.3/10,59/100,0,1,0,1,0,0
1620,1626,Black Crows,2018,18+,5.6/10,40/100,0,0,0,1,0,0
658,661,White Lines,2020,18+,6.6/10,59/100,0,0,0,1,0,0
2423,2504,Saving Hope,2012,16+,7.5/10,62/100,1,0,0,1,0,0
2972,3097,Kaleido Star,2003,16+,7.8/10,45/100,1,0,0,1,0,0
1330,1334,Transformers: Cyberverse,2018,7+,6.8/10,46/100,0,0,0,1,0,0
1765,1773,The Could’ve-Gone-All-the-Way Committee,2018,,6.8/10,35/100,0,0,0,1,1,0
4623,4936,GayTerns,2016,,,14/100,0,1,0,1,1,1
849,852,Navillera,2021,,8.8/10,55/100,0,0,0,1,1,0
2647,2749,The Most Dangerous Animal of All,2020,16+,6.3/10,55/100,1,0,0,1,0,0
3509,3676,Flack,2019,16+,7.2/10,74/100,0,1,0,1,0,0
3956,4233,Dharmakshetra,2014,,8.1/10,45/100,0,1,0,1,1,0
2707,2812,Haganai: I Don't Have Many Friends,2011,18+,7.1/10,54/100,1,0,0,1,0,0
2585,2684,Shark,2006,16+,7.1/10,57/100,1,0,0,1,0,0
3573,3771,A Gifted Man,2011,7+,7.0/10,64/100,0,1,0,1,0,0
1977,1993,Archer,2009,18+,8.6/10,86/100,1,0,0,1,0,0
5041,5360,Back to Back Chef,2017,,,10/100,0,1,0,1,1,1
2996,3123,WWE Main Event,2012,7+,6.4/10,44/100,1,0,0,1,0,0
4442,4743,Nerve Center,2012,7+,6.6/10,29/100,0,1,0,1,0,0
1941,1951,Bal Ganesh,2012,,,13/100,0,0,0,1,1,1
210,211,The Society,2019,18+,7.1/10,73/100,0,0,0,1,0,0
5161,5496,Mighty Med,2013,7+,6.6/10,54/100,0,0,1,1,0,0
3040,3168,Garo: The Animation,2014,all,6.7/10,42/100,1,0,0,1,0,0
4887,5206,Gourmet Makes,2018,,,10/100,0,1,0,1,1,1
4537,4841,5 Facts,2014,,,18/100,0,1,0,1,1,1
4491,4793,David Hand's Animaland,1948,,,23/100,0,1,0,1,1,1
5316,5664,Marvel Battleworld: Mystery of the Thanostones,2020,,5.9/10,36/100,0,0,1,1,1,0
3522,3693,Loudermilk,2017,18+,7.8/10,72/100,0,1,0,1,0,0
3932,4207,Unsealed: Alien Files,2012,,6.5/10,46/100,0,1,0,1,1,0
2974,3099,The Tower of Druaga: The Aegis of Uruk,2008,7+,6.7/10,45/100,1,0,0,1,0,0
2994,3121,The Millionaire Matchmaker,2008,7+,4.6/10,44/100,1,0,0,1,0,0
4449,4751,Strange Love,2005,,2.4/10,28/100,0,1,0,1,1,0
1843,1851,True: Terrific Tales,2020,,5.5/10,32/100,0,0,0,1,1,0
5197,5537,Super Robot Monkey Team Hyperforce Go!,2004,7+,6.2/10,50/100,0,0,1,1,0,0
5069,5393,Monsters at Work,2021,all,7.2/10,75/100,0,0,1,1,0,0
3621,3833,"Kill Me, Heal Me",2015,16+,8.3/10,61/100,0,1,0,1,0,0
3798,4049,James May: Oh Cook!,2020,,7.6/10,51/100,0,1,0,1,1,0
668,671,Paranoid,2016,,6.7/10,59/100,0,0,0,1,1,0
1662,1668,Tijuana,2019,16+,7.1/10,39/100,0,0,0,1,0,0
2730,2835,The Commish,1991,16+,7.1/10,53/100,1,0,0,1,0,0
1206,1209,Love (ft. Marriage and Divorce),2021,7+,5.9/10,48/100,0,0,0,1,0,0
872,875,Daughter From Another Mother,2021,18+,7.4/10,54/100,0,0,0,1,0,0
831,834,Kung Fu Panda: Legends of Awesomeness,2011,7+,6.8/10,55/100,0,0,0,1,0,0
4792,5111,Please Tell Me I'm Adopted!,2017,,,10/100,0,1,0,1,1,1
3319,3452,Tinder Takeover,2016,,,19/100,1,0,0,1,1,1
5346,5695,101 Dalmatians,1997,,,21/100,0,0,1,1,1,1
3414,3548,El Negocio,2014,,,13/100,1,0,0,1,1,1
1132,1135,Captive,2016,,6.9/10,50/100,0,0,0,1,1,0
3108,3239,Born Behind Bars,2017,16+,8.1/10,39/100,1,0,0,1,0,0
5057,5376,Loki,2021,16+,8.5/10,95/100,0,0,1,1,0,0
5364,5714,Mexico Untamed,2018,,,10/100,0,0,1,1,1,1
526,529,Nevertheless,2021,,7.6/10,62/100,0,0,0,1,1,0
2294,2355,Diabolik Lovers,2013,16+,5.2/10,66/100,1,0,0,1,0,0
3763,4006,Hotel Impossible,2012,7+,7.8/10,52/100,0,1,0,1,0,0
641,644,Home for Christmas,2019,18+,7.7/10,60/100,0,0,0,1,0,0
2764,2875,Food Network Star,2005,7+,6.2/10,52/100,1,0,0,1,0,0
4895,5214,Royal Watch,2017,,,10/100,0,1,0,1,1,1
2346,2415,Hill Street Blues,1981,16+,8.1/10,64/100,1,0,0,1,0,0
3684,3914,Red Rock,2015,7+,7.7/10,56/100,0,1,0,1,0,0
2755,2865,Ruyi's Royal Love in the Palace,2018,,7.6/10,52/100,1,1,0,1,1,0
1759,1767,Chasing Cameron,2016,7+,3.7/10,36/100,0,0,0,1,0,0
1115,1118,Oktoberfest: Beer & Blood,2020,,6.8/10,50/100,0,0,0,1,1,0
1696,1702,The Miracle,2016,,6.5/10,38/100,0,0,0,1,1,0
4457,4759,Liquor House Comedy,2017,,,27/100,0,1,0,1,1,1
4748,5066,Learning with Lizzy the Dog!,2015,,,13/100,0,1,0,1,1,1
70,71,Master of None,2015,18+,8.3/10,83/100,0,0,0,1,0,0
5055,5374,Nature's Treasure Islands,2014,,,10/100,0,1,0,1,1,1
3253,3385,Grey's Anatomy: B-Team,2018,,,29/100,1,0,0,1,1,1
5261,5606,Spider-Woman,1979,all,5.8/10,44/100,0,0,1,1,0,0
834,837,Incomplete Life,2014,16+,8.6/10,55/100,0,0,0,1,0,0
1790,1798,Kulipari: An Army of Frogs,2016,7+,7.0/10,35/100,0,0,0,1,0,0
57,58,YOU,2018,18+,7.7/10,85/100,0,0,0,1,0,0
2370,2442,Shots Fired,2017,16+,6.5/10,63/100,1,0,0,1,0,0
2509,2603,90 Day Fiancé,2014,16+,6.4/10,59/100,1,0,0,1,0,0
2613,2714,xxxHOLiC,2006,16+,7.7/10,56/100,1,0,0,1,0,0
246,247,Doctor Foster,2015,16+,7.7/10,72/100,0,0,0,1,0,0
3119,3250,Close Up with The Hollywood Reporter,2015,16+,7.0/10,39/100,1,0,0,1,0,0
4742,5059,Lego Set Builds Nexo Knights - Artifex,2016,,,13/100,0,1,0,1,1,1
4355,4654,PowerNation: Engine Power,2014,all,7.7/10,33/100,0,1,0,1,0,0
3667,3894,The Pale Horse,2020,all,6.1/10,57/100,0,1,0,1,0,0
1295,1298,Hyena,2020,,7.8/10,47/100,0,0,0,1,1,0
4761,5079,Kenneth Copeland Ministries,2016,,,13/100,0,1,0,1,1,1
294,296,Workin' Moms,2017,18+,7.6/10,70/100,0,0,0,1,0,0
2949,3074,Undefeated Bahamut Chronicle,2016,,6.5/10,45/100,1,0,0,1,1,0
2385,2460,The Dick Van Dyke Show,1961,all,8.3/10,63/100,1,0,0,1,0,0
1834,1842,Love Storm,2016,,3.3/10,32/100,0,0,0,1,1,0
3052,3180,60 Days In: Narcoland,2019,16+,5.9/10,42/100,1,0,0,1,0,0
4185,4481,Comedy Brew,2009,,,38/100,0,1,0,1,1,1
5108,5437,Hannah Montana,2006,all,5.2/10,61/100,0,0,1,1,0,0
514,517,Sick Note,2017,18+,6.8/10,63/100,0,0,0,1,0,0
1011,1014,Girls Hostel,2018,7+,8.1/10,52/100,0,0,0,1,0,0
4250,4546,Ilana Glazer: The Planet Is Burning,2020,,3.9/10,36/100,0,1,0,1,1,0
4447,4748,Wildlife Quest,2016,,6.1/10,28/100,0,1,0,1,1,0
4562,4870,Brand New House On a Budget,2014,,,17/100,0,1,0,1,1,1
3332,3465,Sophie La Girafe,2017,,,18/100,1,0,0,1,1,1
4746,5063,I Survived Real Estate,2017,,,13/100,0,1,0,1,1,1
406,408,Vincenzo,2021,,8.5/10,66/100,0,0,0,1,1,0
450,452,Word of Honor,2021,,9.1/10,65/100,0,0,0,1,1,0
32,33,The Umbrella Academy,2019,16+,8.0/10,87/100,0,0,0,1,0,0
4668,4984,Backline,2017,,,13/100,0,1,0,1,1,1
2824,2938,Threesome,2011,18+,7.6/10,50/100,1,0,0,1,0,0
2849,2966,Snake City,2014,16+,8.6/10,49/100,1,0,0,1,0,0
5190,5530,Fish Hooks,2010,all,4.8/10,51/100,0,0,1,1,0,0
5124,5456,Lab Rats,2012,7+,6.6/10,59/100,0,0,1,1,0,0
4638,4953,The Magical Adventures of Quasimodo,1996,,,14/100,0,1,0,1,1,1
4130,4423,Chi's Sweet Adventure,2016,,7.8/10,39/100,0,1,0,1,1,0
630,633,The Sons of Sam: A Descent Into Darkness,2021,18+,7.0/10,60/100,0,0,0,1,0,0
4473,4775,Ghost Cases,2010,,5.2/10,26/100,0,1,0,1,1,0
4696,5012,My First INBA Fitness Model Competition,2017,,,13/100,0,1,0,1,1,1
2275,2333,Single Parents,2018,7+,7.1/10,67/100,1,0,0,1,0,0
1516,1522,Zig and Sharko,2010,all,6.9/10,42/100,0,0,0,1,0,0
1328,1332,Beat Bugs,2016,all,7.6/10,46/100,0,0,0,1,0,0
3813,4066,Frank of Ireland,2021,,6.7/10,50/100,0,1,0,1,1,0
3711,3945,World’s Toughest Race: Eco-Challenge Fiji,2020,16+,7.6/10,55/100,0,1,0,1,0,0
1398,1403,Holiday Secrets,2019,16+,6.5/10,44/100,0,0,0,1,0,0
3884,4154,Curiosity,2011,16+,7.8/10,47/100,0,1,0,1,0,0
1649,1655,Baby Ballroom,2017,,7.8/10,39/100,0,0,0,1,1,0
2526,2622,Clarence,2014,7+,6.6/10,58/100,1,0,0,1,0,0
2922,3045,Pinky Dinky Doo,2006,all,6.4/10,46/100,1,0,0,1,0,0
2339,2406,Remington Steele,1982,7+,7.2/10,64/100,1,0,0,1,0,0
5163,5498,Imagination Movers,2008,all,7.1/10,54/100,0,0,1,1,0,0
1361,1365,Prince of Peoria,2018,all,5.9/10,45/100,0,0,0,1,0,0
5037,5356,Wedding Season,2017,,,10/100,0,1,0,1,1,1
2905,3028,Divorce Court,1999,16+,4.2/10,47/100,1,0,0,1,0,0
2865,2984,Jeopardy! The Greatest of All Time,2020,7+,8.7/10,48/100,1,0,0,1,0,0
3048,3176,Toddlers & Tiaras,2009,7+,1.8/10,42/100,1,0,0,1,0,0
720,723,Hitler's Circle of Evil,2017,,8.0/10,58/100,0,0,0,1,1,0
938,941,Masha and the Bear,2009,all,7.5/10,53/100,0,0,0,1,0,0
122,123,Stargate SG-1,1997,13+,8.4/10,79/100,1,0,0,1,0,0
2465,2554,The Moodys,2019,16+,6.8/10,60/100,1,0,0,1,0,0
4620,4932,Van Der Week,2011,,,14/100,0,1,0,1,1,1
1960,1972,My Hero Academia,2016,16+,8.4/10,90/100,1,0,0,1,0,0
1831,1839,Love for Ten: Generation of Youth,2013,,6.5/10,33/100,0,0,0,1,1,0
3741,3980,Island at War,2004,,7.6/10,53/100,0,1,0,1,1,0
161,162,Designated Survivor,2016,7+,7.5/10,77/100,0,0,0,1,0,0
3728,3965,Crisis in Six Scenes,2016,all,6.6/10,54/100,0,1,0,1,0,0
545,548,Blood of Zeus,2020,,7.5/10,62/100,0,0,0,1,1,0
5227,5569,Crash & Bernstein,2012,all,5.0/10,47/100,0,0,1,1,0,0
4844,5163,Cosmic Journeys,2009,,,10/100,0,1,0,1,1,1
1461,1467,The Idhun Chronicles,2020,16+,5.4/10,43/100,0,0,0,1,0,0
5010,5329,Little Big Awesome,2016,,,10/100,0,1,0,1,1,1
263,264,Delhi Crime,2019,,8.5/10,71/100,0,0,0,1,1,0
2529,2625,Haven't You Heard? I'm Sakamoto,2016,16+,7.2/10,58/100,1,0,0,1,0,0
788,791,Avlu,2018,18+,7.2/10,56/100,0,0,0,1,0,0
1852,1860,Edge of the Universe,2002,,,31/100,0,0,0,1,1,1
2640,2741,Fast N' Loud,2012,16+,7.5/10,55/100,1,0,0,1,0,0
5022,5341,Minecraft Survival with Brick Show Brian!,2016,,,10/100,0,1,0,1,1,1
890,893,Zindagi inShort,2021,,7.2/10,54/100,0,0,0,1,1,0
5240,5584,Dog: Impossible,2019,,8.2/10,46/100,0,0,1,1,1,0
2906,3029,Unikitty!,2017,7+,5.6/10,47/100,1,0,0,1,0,0
4092,4379,Pet Alien,2005,all,5.1/10,41/100,0,1,0,1,0,0
2568,2666,Packed to the Rafters,2008,18+,7.4/10,57/100,1,0,0,1,0,0
847,850,The Boulet Brothers' Dragula,2016,18+,7.9/10,55/100,0,0,0,1,0,0
1430,1436,Strongest Deliveryman,2017,,7.3/10,44/100,0,0,0,1,1,0
4203,4499,The Vigilantes in Masks,2011,16+,7.9/10,37/100,0,1,0,1,0,0
5099,5427,The Mighty Ducks: Game Changers,2021,7+,7.5/10,63/100,0,0,1,1,0,0
471,473,H2O: Just Add Water,2006,all,7.2/10,64/100,1,0,0,1,0,0
401,403,My Mister,2018,,9.1/10,66/100,0,0,0,1,1,0
2243,2297,Rugrats,1991,all,7.4/10,68/100,1,0,0,1,0,0
1738,1746,Rimba Racer,2015,,8.2/10,36/100,0,0,0,1,1,0
1457,1463,Barbie Dreamhouse Adventures,2018,all,6.8/10,43/100,0,0,0,1,0,0
2899,3022,The Kennedys,2015,7+,7.3/10,47/100,1,0,0,1,0,0
5133,5466,Dog Whisperer,2004,all,8.0/10,58/100,0,0,1,1,0,0
1276,1279,TVF Inmates,2017,,6.6/10,47/100,0,0,0,1,1,0
1607,1613,The Writer,2019,7+,6.6/10,40/100,0,0,0,1,0,0
4520,4824,14 Year Old President of the Smallest Country in the World,2017,,,19/100,0,1,0,1,1,1
1982,2000,Buffy the Vampire Slayer,1997,16+,8.2/10,86/100,1,1,0,1,0,0
3757,4000,Detective Anna,2016,,8.0/10,52/100,0,1,0,1,1,0
1309,1312,Love and Fortune,2018,,7.0/10,46/100,0,0,0,1,1,0
775,778,Strangers From Hell,2019,,7.9/10,56/100,0,0,0,1,1,0
3777,4024,Story of Yanxi Palace,2018,,8.2/10,52/100,0,1,0,1,1,0
5218,5560,Turning the Tables with Robin Roberts,2021,,,48/100,0,0,1,1,1,1
4621,4934,Getting Doug with High,2017,,,14/100,0,1,0,1,1,1
4550,4856,Second Sight,2000,,,17/100,0,1,0,1,1,1
2530,2626,Hard Sun,2018,18+,6.6/10,58/100,1,0,0,1,0,0
1511,1517,The Who Was? Show,2018,,6.8/10,42/100,0,0,0,1,1,0
5141,5474,Hercules,1998,all,6.6/10,57/100,0,0,1,1,0,0
3074,3202,College Hill,2004,,5.5/10,41/100,1,0,0,1,1,0
156,157,The Dark Crystal: Age of Resistance,2019,7+,8.4/10,77/100,0,0,0,1,0,0
2106,2143,Cardinal,2017,18+,7.7/10,74/100,1,0,0,1,0,0
1082,1085,Sugar Rush,2018,7+,7.0/10,51/100,0,0,0,1,0,0
2717,2822,Everyone Is Doing Great,2021,,7.7/10,53/100,1,0,0,1,1,0
4368,4667,Strictly Ballet,2014,,6.5/10,32/100,0,1,0,1,1,0
2315,2377,Drunk History,2013,16+,7.8/10,65/100,1,0,0,1,0,0
3375,3508,Health + Happiness with Mayo Clinic,2018,,,14/100,1,0,0,1,1,1
322,324,Daybreak,2019,18+,6.7/10,69/100,0,0,0,1,0,0
22,23,The Blacklist,2013,16+,8.0/10,88/100,0,0,0,1,0,0
4286,4583,Edward and Mary: The Unknown Tudors,2002,,7.4/10,35/100,0,1,0,1,1,0
2584,2683,House Hunters International,2006,all,7.0/10,57/100,1,0,0,1,0,0
4246,4542,Nikola Tesla and the End of the World,2015,,4.9/10,36/100,0,1,0,1,1,0
4381,4681,Buried Secrets,2005,,7.4/10,32/100,0,1,0,1,1,0
4534,4838,Addy Media,2018,,,18/100,0,1,0,1,1,1
4414,4715,Iconic Characters,2018,,6.8/10,30/100,0,1,0,1,1,0
3460,3604,Orphan Black,2013,18+,8.3/10,85/100,0,1,0,1,0,0
276,278,Seven Seconds,2018,18+,7.7/10,71/100,0,0,0,1,0,0
1668,1674,Transformers: Rescue Bots Academy,2019,all,6.6/10,39/100,0,0,0,1,0,0
3920,4195,Lost in Oz,2015,7+,7.6/10,46/100,0,1,0,1,0,0
4173,4468,Nightmare in Suburbia,2008,,7.9/10,38/100,0,1,0,1,1,0
5063,5384,Marvel's Agent Carter,2015,7+,7.9/10,82/100,0,0,1,1,0,0
4106,4396,Becoming a Man,2019,,9.2/10,40/100,0,1,0,1,1,0
695,698,Law School,2021,,8.2/10,58/100,0,0,0,1,1,0
4932,5251,History's Biggest Secrets,2013,,,10/100,0,1,0,1,1,1
5202,5542,One Day at Disney,2019,all,7.3/10,50/100,0,0,1,1,0,0
5361,5711,Awesome Animals,2020,,,13/100,0,0,1,1,1,1
1815,1823,Tian Bao Fuyao Lu,2020,,7.0/10,34/100,0,0,0,1,1,0
4804,5123,Earth Shocks: Our Hyperactive Planet,2007,,,10/100,0,1,0,1,1,1
3353,3486,The Champion Within,2017,,,16/100,1,0,0,1,1,1
2451,2538,Jeremiah,2002,18+,7.0/10,60/100,1,1,0,1,0,0
326,328,Knightfall,2017,16+,6.8/10,68/100,0,0,0,1,0,0
252,253,Tuca & Bertie,2019,18+,7.4/10,72/100,0,0,0,1,0,0
5194,5534,"Dr. Oakley, Yukon Vet",2014,all,8.3/10,51/100,0,0,1,1,0,0
2374,2446,Four Weddings and a Funeral,2019,18+,7.2/10,63/100,1,0,0,1,0,0
1556,1562,Gormiti,2018,7+,6.0/10,41/100,0,0,0,1,0,0
2477,2567,Mountain Men,2012,7+,7.3/10,60/100,1,0,0,1,0,0
2407,2485,Dragon Ball GT,1996,7+,6.8/10,62/100,1,0,0,1,0,0
3374,3507,Rudy Maxa's Travel,2001,,,14/100,1,1,0,1,1,1
4400,4701,Serial Swindlers,2018,,7.2/10,31/100,0,1,0,1,1,0
3620,3832,Reading Rainbow,1983,all,8.4/10,61/100,0,1,0,1,0,0
3930,4205,Peep and the Big Wide World,2004,all,7.1/10,46/100,0,1,0,1,0,0
2552,2649,Intruders,2014,18+,6.7/10,58/100,1,1,0,1,0,0
167,168,Bloodline,2015,18+,7.9/10,76/100,0,0,0,1,0,0
317,319,3Below: Tales of Arcadia,2018,7+,7.7/10,69/100,0,0,0,1,0,0
844,847,Case,2015,16+,7.1/10,55/100,0,0,0,1,0,0
5318,5666,Made in A Day,2020,,7.6/10,35/100,0,0,1,1,1,0
3335,3468,Election Cycle,2016,,,17/100,1,0,0,1,1,1
3448,3584,House,2004,16+,8.7/10,92/100,0,1,0,1,0,0
5327,5675,Muppet Moments,2015,,8.0/10,34/100,0,0,1,1,1,0
1972,1986,This Is Us,2016,16+,8.7/10,87/100,1,1,0,1,0,0
2284,2343,My Wife and Kids,2001,7+,6.8/10,67/100,1,0,0,1,0,0
888,891,Jamtara - Sabka Number Ayega,2020,,7.3/10,54/100,0,0,0,1,1,0
2448,2535,Expedition Unknown,2015,7+,8.2/10,60/100,1,0,0,1,0,0
5255,5599,"Mira, Royal Detective",2020,all,6.5/10,45/100,0,0,1,1,0,0
4118,4411,Brum,1994,7+,6.3/10,40/100,0,1,0,1,0,0
4973,5292,Dr. Qin,2018,,,10/100,0,1,0,1,1,1
2641,2742,Upper Middle Bogan,2013,16+,7.9/10,55/100,1,0,0,1,0,0
996,999,Soundtrack,2019,,6.8/10,52/100,0,0,0,1,1,0
1237,1240,Real Rob,2015,18+,6.4/10,48/100,0,0,0,1,0,0
1581,1587,Let's Fight Ghost,2021,,7.7/10,40/100,0,0,0,1,1,0
4836,5155,Behind the Scenes,2010,,,10/100,0,1,0,1,1,1
2702,2807,Top Gear,2010,7+,5.4/10,54/100,1,1,0,1,0,0
581,584,Deadwind,2018,18+,7.2/10,61/100,0,0,0,1,0,0
4556,4862,Mickey's Farm,2009,,,17/100,0,1,0,1,1,1
2724,2829,Eden of the East,2009,18+,7.6/10,53/100,1,0,0,1,0,0
3386,3519,ESL: Defining Moments,2017,,,14/100,1,0,0,1,1,1
4983,5302,Video Wallpaper,2017,,,10/100,0,1,0,1,1,1
2808,2920,The F Word,2005,18+,6.9/10,50/100,1,0,0,1,0,0
4035,4319,Ultimate Survival: Everest,2004,,7.3/10,43/100,0,1,0,1,1,0
2044,2076,The Venture Bros.,2004,18+,8.5/10,78/100,1,0,0,1,0,0
4017,4300,Big Pacific,2017,all,8.4/10,43/100,0,1,0,1,0,0
2345,2414,The Mary Tyler Moore Show,1970,7+,8.1/10,64/100,1,0,0,1,0,0
2626,2727,Dragnet,1967,7+,7.5/10,56/100,1,0,0,1,0,0
2900,3023,Holiday Baking Championship,2014,all,7.4/10,47/100,1,0,0,1,0,0
3357,3490,GMA Day,2018,,,16/100,1,0,0,1,1,1
4434,4735,Innovation Nation,2011,,7.1/10,29/100,0,1,0,1,1,0
3149,3280,The Burger Show,2018,,7.7/10,38/100,1,0,0,1,1,0
2402,2479,The Guest Book,2017,18+,7.2/10,62/100,1,0,0,1,0,0
3255,3387,We Day 2017,2017,,5.5/10,29/100,1,0,0,1,1,0
4154,4449,Modern Traveler,2016,,,38/100,0,1,0,1,1,1
4197,4493,The Californians,1957,,7.3/10,38/100,0,1,0,1,1,0
3113,3244,The Happy Days of Garry Marshall,2020,,8.3/10,39/100,1,0,0,1,1,0
980,983,Nobody's Looking,2019,18+,7.8/10,52/100,0,0,0,1,0,0
4244,4540,Noveltoon,1943,7+,,36/100,0,1,0,1,0,1
3267,3399,Jammers,2011,,,28/100,1,0,0,1,1,1
4240,4536,Sangre Negra,2017,,8.5/10,36/100,0,1,0,1,1,0
1465,1471,Battlefish,2018,,7.1/10,43/100,0,0,0,1,1,0
4265,4561,Happy Marriage!?,2016,,6.4/10,36/100,0,1,0,1,1,0
5270,5615,Lego Frozen Northern Lights,2016,all,5.7/10,42/100,0,0,1,1,0,0
1351,1355,The Circle Brazil,2020,,6.8/10,45/100,0,0,0,1,1,0
4311,4609,Xploration DIY Sci,2016,all,8.8/10,34/100,0,1,0,1,0,0
1329,1333,Private Lives,2020,,6.6/10,46/100,0,0,0,1,1,0
1274,1277,"Nisman: El fiscal, la presidenta y el espía",2020,,7.7/10,47/100,0,0,0,1,1,0
1250,1253,AMO,2018,18+,6.5/10,47/100,0,0,0,1,0,0
549,552,To the Lake,2019,,7.3/10,62/100,0,0,0,1,1,0
3950,4227,LOL: Australia,2020,,5.9/10,45/100,0,1,0,1,1,0
296,298,The Devil Next Door,2019,18+,7.6/10,70/100,0,0,0,1,0,0
1265,1268,Pui Pui Molcar,2021,,8.1/10,47/100,0,0,0,1,1,0
1431,1437,Kevin Hart: Don't F**k This Up,2019,18+,6.5/10,44/100,0,0,0,1,0,0
4665,4981,Paper Mario Color Splash Playthrough,2016,,,13/100,0,1,0,1,1,1
509,512,World War II In HD Colour,2009,7+,8.7/10,63/100,0,0,0,1,0,0
4634,4948,Crimes that Made History,2017,,,14/100,0,1,0,1,1,1
4767,5085,Impossible Peace,2017,,,13/100,0,1,0,1,1,1
3872,4140,Yuki Yuna is a Hero,2014,16+,6.8/10,48/100,0,1,0,1,0,0
4166,4461,The Timeline,2015,,8.2/10,38/100,0,1,0,1,1,0
4322,4620,Bordertown: Laredo,2011,,6.9/10,34/100,0,1,0,1,1,0
1551,1557,Welcome to the Family,2018,16+,6.7/10,41/100,0,0,0,1,0,0
4475,4777,Juan Happy Love Story,2016,,7.8/10,26/100,0,1,0,1,1,0
3935,4210,Budding Prospects,2017,18+,7.3/10,45/100,0,1,0,1,0,0
230,231,Abstract: The Art of Design,2017,16+,8.4/10,73/100,0,0,0,1,0,0
1389,1394,Power Rangers Ninja Steel,2017,7+,6.0/10,45/100,0,0,0,1,0,0
5306,5654,Disney Junior Music Lullabies,2019,,,37/100,0,0,1,1,1,1
283,285,Cheer,2020,16+,8.1/10,70/100,0,0,0,1,0,0
2177,2223,Full House,1987,all,6.7/10,71/100,1,0,0,1,0,0
3502,3667,Modern Love,2019,18+,8.0/10,76/100,0,1,0,1,0,0
1470,1476,The Forest of Love: Deep Cut,2020,,6.8/10,43/100,0,0,0,1,1,0
5260,5605,101 Dalmatian Street,2019,7+,6.3/10,44/100,0,0,1,1,0,0
5129,5461,Raven's Home,2017,all,7.3/10,59/100,0,0,1,1,0,0
1357,1361,The Good Detective,2020,,7.5/10,45/100,0,0,0,1,1,0
4367,4666,A Path Appears,2016,,7.6/10,32/100,0,1,0,1,1,0
4174,4469,Extinct,2001,,7.3/10,38/100,0,1,0,1,1,0
1658,1664,The American Bible Challenge,2012,all,6.4/10,39/100,0,0,0,1,0,0
760,763,The King's Avatar,2017,7+,7.7/10,57/100,0,0,0,1,0,0
3619,3830,DOM,2021,,7.2/10,61/100,0,1,0,1,1,0
1031,1034,Hangar 1: The UFO Files,2015,7+,7.3/10,52/100,0,1,0,1,0,0
5259,5604,Just Roll With It,2019,7+,5.0/10,44/100,0,0,1,1,0,0
4796,5115,Best Laid Plans,2010,,,10/100,0,1,0,1,1,1
1654,1660,LEGO Jurassic World: The Secret Exhibit,2018,7+,6.3/10,39/100,0,0,0,1,0,0
3861,4127,Laid,2011,,7.4/10,48/100,0,1,0,1,1,0
88,89,The Haunting of Hill House,2018,18+,8.6/10,82/100,0,0,0,1,0,0
2200,2250,Mary Kills People,2017,18+,7.5/10,70/100,1,0,0,1,0,0
4695,5011,SharkBites TV,2017,,,13/100,0,1,0,1,1,1
1489,1495,Little Singham,2018,,3.6/10,43/100,0,0,0,1,1,0
3569,3766,Arthur,1996,7+,7.3/10,65/100,0,1,0,1,0,0
4293,4590,Puppy in My Pocket,2010,,4.5/10,35/100,0,1,0,1,1,0
2466,2555,Being Erica,2009,16+,7.5/10,60/100,1,1,0,1,0,0
4658,4974,The Prince of Han Dynasty 1,2001,,,13/100,0,1,0,1,1,1
648,651,Kakegurui,2017,16+,7.2/10,60/100,0,0,0,1,0,0
3712,3946,Father Knows Best,1954,all,7.4/10,54/100,0,1,0,1,0,0
3789,4039,I Love Money,2008,,6.1/10,51/100,0,1,0,1,1,0
995,998,Another Miss Oh,2016,,7.9/10,52/100,0,0,0,1,1,0
1936,1946,Argon,2017,,,14/100,0,0,0,1,1,1
2578,2676,Bluff City Law,2019,16+,6.8/10,57/100,1,0,0,1,0,0
3830,4085,Mike Hammer,1984,7+,6.9/10,49/100,0,1,0,1,0,0
1118,1121,Transformers: Rescue Bots,2012,7+,6.5/10,50/100,0,1,0,1,0,0
4143,4437,Chloe's Closet,2010,all,6.9/10,39/100,0,1,0,1,0,0
1432,1438,Crime Diaries: Night Out,2019,,7.8/10,44/100,0,0,0,1,1,0
2394,2470,Garfield and Friends,1988,7+,7.3/10,62/100,1,0,0,1,0,0
1240,1243,The Mafia Dolls,2009,18+,6.6/10,48/100,0,0,0,1,0,0
4086,4373,Psychic Investigators,2006,7+,7.6/10,41/100,0,1,0,1,0,0
5193,5533,Port Protection Alaska,2015,16+,8.4/10,51/100,0,0,1,1,0,0
667,670,Mr. Iglesias,2019,16+,7.1/10,59/100,0,0,0,1,0,0
880,883,Alien Worlds,2020,7+,6.5/10,54/100,0,0,0,1,0,0
1710,1716,The Devil Punisher,2020,,5.9/10,37/100,0,0,0,1,1,0
3097,3227,Forensic Factor,2003,18+,7.3/10,40/100,1,1,0,1,0,0
1319,1322,The Big Day,2021,18+,4.6/10,46/100,0,0,0,1,0,0
2873,2993,Call Your Mother,2021,7+,5.2/10,48/100,1,0,0,1,0,0
2901,3024,Capital One College Bowl,2021,,5.4/10,47/100,1,0,0,1,1,0
4935,5254,How To Self-Publish,2017,,,10/100,0,1,0,1,1,1
1715,1721,Nailed It! France,2019,16+,6.4/10,37/100,0,0,0,1,0,0
3080,3209,The Young Turks,2005,16+,5.3/10,40/100,1,1,0,1,0,0
3068,3196,Swiss Family Robinson,1974,7+,7.0/10,41/100,1,0,1,1,0,0
1625,1631,Valentino,2020,,5.5/10,40/100,0,0,0,1,1,0
3890,4160,The Rebel,1959,,7.8/10,47/100,0,1,0,1,1,0
900,903,Transfers,2017,,7.3/10,54/100,0,0,0,1,1,0
2664,2767,The Lucy Show,1962,7+,7.2/10,55/100,1,0,0,1,0,0
3706,3939,Titanic,2012,16+,6.0/10,55/100,0,1,0,1,0,0
435,437,Self Made: Inspired by the Life of Madam C.J. Walker,2020,18+,7.3/10,65/100,0,0,0,1,0,0
4616,4927,MANE,2018,,,14/100,0,1,0,1,1,1
2882,3003,Mental Samurai,2019,7+,6.0/10,48/100,1,0,0,1,0,0
4229,4525,Prime Rewind: Inside the Boys,2020,18+,5.6/10,37/100,0,1,0,1,0,0
2951,3076,When Nature Calls with Helen Mirren,2021,7+,3.4/10,45/100,1,0,0,1,0,0
2872,2992,Nutri Ventures – The Quest for the 7 Kingdoms,2013,all,7.8/10,48/100,1,0,0,1,0,0
4456,4758,Stable Wars: Del Mar,2014,,,27/100,0,1,0,1,1,1
1830,1838,The Truth Seekers,2016,,7.1/10,33/100,0,0,0,1,1,0
1478,1484,On Children,2018,,7.5/10,43/100,0,0,0,1,1,0
3321,3454,Ryan's World Specials presented by pocket.watch,2019,,,18/100,1,0,0,1,1,1
1853,1861,The Dream Job,2016,,6.1/10,31/100,0,0,0,1,1,0
4068,4354,Junk Drawer Magic,2015,,9.1/10,41/100,0,1,0,1,1,0
4235,4531,Nature's Power Revealed,2011,,9.0/10,36/100,0,1,0,1,1,0
1104,1107,Why Are You Like This?,2021,18+,6.5/10,50/100,0,0,0,1,0,0
325,327,Collateral,2018,18+,6.8/10,68/100,0,0,0,1,0,0
345,347,Aquarius,2015,16+,7.1/10,68/100,0,0,0,1,0,0
3209,3341,Strahan & Sara,2019,,3.3/10,34/100,1,0,0,1,1,0
3420,3554,Fantasy Forecast,2016,,,13/100,1,0,0,1,1,1
23,24,The Flash,2014,16+,7.6/10,88/100,0,0,0,1,0,0
1,2,Stranger Things,2016,16+,8.7/10,96/100,0,0,0,1,0,0
4498,4801,"I, Caesar: The Rise and Fall of the Roman Empire",1997,,,21/100,0,1,0,1,1,1
4989,5308,Dombey and Son,1983,,,10/100,0,1,0,1,1,1
708,711,La cocinera de Castamar,2021,,7.4/10,58/100,0,0,0,1,1,0
1523,1529,Love Daily,2018,,6.1/10,42/100,0,0,0,1,1,0
983,986,Family Reunion,2019,7+,6.5/10,52/100,0,0,0,1,0,0
5045,5364,Dowry,2015,,,10/100,0,1,0,1,1,1
1571,1577,LEGO Marvel Avengers: Climate Conundrum,2020,7+,7.0/10,41/100,0,0,0,1,0,0
2701,2806,Dream Corp LLC,2016,16+,7.2/10,54/100,1,0,0,1,0,0
555,558,Bobby Kennedy for President,2018,16+,8.2/10,62/100,0,0,0,1,0,0
2215,2266,MasterChef,2010,16+,7.3/10,69/100,1,0,0,1,0,0
2831,2945,Fashion House,2006,18+,6.4/10,50/100,1,0,0,1,0,0
2761,2872,Tanked,2011,7+,6.6/10,52/100,1,0,0,1,0,0
2505,2598,Naked and Afraid XL,2015,16+,7.4/10,59/100,1,0,0,1,0,0
4511,4814,The Very Best Of Kristen Bell,2010,,,20/100,0,1,0,1,1,1
2760,2870,Shahs of Sunset,2012,16+,4.7/10,52/100,1,0,0,1,0,0
2714,2819,To Tell the Truth,2016,7+,6.2/10,53/100,1,0,0,1,0,0
3658,3881,Hunting Hitler,2015,16+,7.4/10,58/100,0,1,0,1,0,0
4656,4972,Home Remedy,2017,,,13/100,0,1,0,1,1,1
2617,2718,Keeping Up with the Kardashians,2007,16+,2.8/10,56/100,1,0,0,1,0,0
4751,5069,My Battalion,2014,,,13/100,0,1,0,1,1,1
5113,5442,Star Wars Resistance,2018,7+,5.0/10,60/100,0,0,1,1,0,0
1675,1681,The Underclass,2020,,6.2/10,38/100,0,0,0,1,1,0
982,985,Love & Anarchy,2020,,7.4/10,52/100,0,0,0,1,1,0
4067,4353,Comicstaan,2018,18+,6.8/10,41/100,0,1,0,1,0,0
4463,4765,The Hollywood Puppet Show,2017,16+,6.2/10,27/100,0,1,0,1,0,0
1338,1342,"Schulz Saves America: Pandemics, Predators, Protests & Presidents",2020,18+,7.5/10,46/100,0,0,0,1,0,0
953,956,Record of Grancrest War,2018,18+,7.2/10,53/100,0,0,0,1,0,0
1919,1929,The Truth,2008,,,17/100,0,0,0,1,1,1
3626,3838,Republic of Doyle,2010,16+,7.4/10,60/100,0,1,0,1,0,0
4527,4831,The Queen's Diamond Decades,2013,,,18/100,0,1,0,1,1,1
4653,4969,Tea Time with Tayla,2011,,,13/100,0,1,0,1,1,1
927,930,Huge in France,2019,16+,6.8/10,53/100,0,0,0,1,0,0
4116,4409,Honest Ads,2017,,8.6/10,40/100,0,1,0,1,1,0
3873,4141,The Pack,2020,,6.5/10,48/100,0,1,0,1,1,0
1490,1496,Off Camera with Sam Jones,2014,,8.4/10,43/100,0,0,0,1,1,0
868,871,Ultraviolet,2017,18+,7.0/10,55/100,1,0,0,1,0,0
480,482,Giri/Haji,2019,,7.9/10,64/100,0,0,0,1,1,0
2832,2946,Southern Gothic,2020,,7.0/10,50/100,1,0,0,1,1,0
2038,2070,Younger,2015,16+,7.8/10,79/100,1,0,0,1,0,0
5236,5580,Magic of Disney's Animal Kingdom,2020,7+,8.3/10,47/100,0,0,1,1,0,0
803,806,Betaal,2020,18+,5.4/10,56/100,0,0,0,1,0,0
3157,3288,Get Ace,2014,all,7.5/10,37/100,1,0,0,1,0,0
536,539,Blown Away,2019,7+,7.1/10,62/100,0,0,0,1,0,0
2574,2672,Guilty Crown,2011,16+,7.1/10,57/100,1,0,0,1,0,0
3933,4208,Flowering Heart,2018,,,46/100,0,1,0,1,1,1
2557,2654,The Accident,2019,,6.2/10,58/100,1,0,0,1,1,0
4800,5119,Night In/Night Out,2018,,,10/100,0,1,0,1,1,1
4878,5197,Pinkfong! Princess Songs,2017,,,10/100,0,1,0,1,1,1
3389,3522,El Sexo Débil,2015,,,14/100,1,0,0,1,1,1
3035,3163,When Sharks Attack,2013,16+,6.6/10,42/100,1,0,1,1,0,0
4029,4312,Ancient Inventions,1998,,7.8/10,43/100,0,1,0,1,1,0
